No.,Title,Part 번호,Unit 번호,Unit 제목,강의영상 보기 URL,문장 번호,한국어문장(실생활 영어 표현 익히기),영어문장(영어 문장 확인하기)
1,K영어회화,Part 01,Unit 01,영어는 '주어 + 동사'로 시작한다,https://www.youtube.com/watch?v=dChiYEk7Lxc,1,나는 집에 간다. (I home go),I go home.
2,K영어회화,Part 01,Unit 01,영어는 '주어 + 동사'로 시작한다,https://www.youtube.com/watch?v=dChiYEk7Lxc,2,나는 그를 안다. (I know him),I know him.
3,K영어회화,Part 01,Unit 01,영어는 '주어 + 동사'로 시작한다,https://www.youtube.com/watch?v=dChiYEk7Lxc,3,나는 점심을 먹는다. (I lunch eat),I eat lunch.
4,K영어회화,Part 01,Unit 01,영어는 '주어 + 동사'로 시작한다,https://www.youtube.com/watch?v=dChiYEk7Lxc,4,너는 내일 일한다. (You tomorrow work),You work tomorrow.
5,K영어회화,Part 01,Unit 01,영어는 '주어 + 동사'로 시작한다,https://www.youtube.com/watch?v=dChiYEk7Lxc,5,너는 커피를 마신다. (You coffee drink),You drink coffee.
6,K영어회화,Part 01,Unit 01,영어는 '주어 + 동사'로 시작한다,https://www.youtube.com/watch?v=dChiYEk7Lxc,6,너는 요가를 한다. (do yoga You),You do yoga.
7,K영어회화,Part 01,Unit 01,영어는 '주어 + 동사'로 시작한다,https://www.youtube.com/watch?v=dChiYEk7Lxc,7,우리는 피자를 좋아한다. (We pizza like),We like pizza.
8,K영어회화,Part 01,Unit 01,영어는 '주어 + 동사'로 시작한다,https://www.youtube.com/watch?v=dChiYEk7Lxc,8,우리는 TV를 본다. (We TV watch),We watch TV.
9,K영어회화,Part 01,Unit 01,영어는 '주어 + 동사'로 시작한다,https://www.youtube.com/watch?v=dChiYEk7Lxc,9,우리는 영어를 말한다. (speak English We),We speak English.
10,K영어회화,Part 01,Unit 01,영어는 '주어 + 동사'로 시작한다,https://www.youtube.com/watch?v=dChiYEk7Lxc,10,그들은 사진을 찍는다. (take pictures They),They take pictures.
11,K영어회화,Part 01,Unit 01,영어는 '주어 + 동사'로 시작한다,https://www.youtube.com/watch?v=dChiYEk7Lxc,11,그들은 캠핑하러 간다. (They camping go),They go camping.
12,K영어회화,Part 01,Unit 01,영어는 '주어 + 동사'로 시작한다,https://www.youtube.com/watch?v=dChiYEk7Lxc,12,그들은 돈을 번다. (They money make),They make money.
13,K영어회화,Part 01,Unit 02,동사가 시제를 바꾼다,https://www.youtube.com/watch?v=CTpvRi2G6HA,1,나는 그녀를 안다. (know),I know her.
14,K영어회화,Part 01,Unit 02,동사가 시제를 바꾼다,https://www.youtube.com/watch?v=CTpvRi2G6HA,2,나는 요가를 한다. (do),I do yoga.
15,K영어회화,Part 01,Unit 02,동사가 시제를 바꾼다,https://www.youtube.com/watch?v=CTpvRi2G6HA,3,나는 영화 볼 거다. (will watch),I will watch a movie.
16,K영어회화,Part 01,Unit 02,동사가 시제를 바꾼다,https://www.youtube.com/watch?v=CTpvRi2G6HA,4,나는 오늘 운동할 수 있다. (can work out),I can work out today.
17,K영어회화,Part 01,Unit 02,동사가 시제를 바꾼다,https://www.youtube.com/watch?v=CTpvRi2G6HA,5,너는 영어를 말 할 수 있다. (can speak),You can speak English.
18,K영어회화,Part 01,Unit 02,동사가 시제를 바꾼다,https://www.youtube.com/watch?v=CTpvRi2G6HA,6,그는 여기에 올 것이다. (will come),He will come here.
19,K영어회화,Part 01,Unit 02,동사가 시제를 바꾼다,https://www.youtube.com/watch?v=CTpvRi2G6HA,7,우리는 골프를 칠 것이다. (will play),We will play golf.
20,K영어회화,Part 01,Unit 02,동사가 시제를 바꾼다,https://www.youtube.com/watch?v=CTpvRi2G6HA,8,우리는 커피를 마셨다. (drank),We drank coffee.
21,K영어회화,Part 01,Unit 02,동사가 시제를 바꾼다,https://www.youtube.com/watch?v=CTpvRi2G6HA,9,우리는 쇼핑 갈 수 있다. (can go),We can go shopping.
22,K영어회화,Part 01,Unit 02,동사가 시제를 바꾼다,https://www.youtube.com/watch?v=CTpvRi2G6HA,10,그들은 점심을 먹었다. (ate),They ate lunch.
23,K영어회화,Part 01,Unit 02,동사가 시제를 바꾼다,https://www.youtube.com/watch?v=CTpvRi2G6HA,11,그들은 피자를 만든다. (make),They make pizza.
24,K영어회화,Part 01,Unit 02,동사가 시제를 바꾼다,https://www.youtube.com/watch?v=CTpvRi2G6HA,12,그들은 매년 여행한다. (travel),They travel every year.
25,K영어회화,Part 01,Unit 03,부정문 동사의 비밀 공개,https://www.youtube.com/watch?v=CTpvRi2G6HA,1,저는 TV를 보지 않아요. (watch),I do not watch TV.
26,K영어회화,Part 01,Unit 03,부정문 동사의 비밀 공개,https://www.youtube.com/watch?v=CTpvRi2G6HA,2,저는 차를 가져오지 않았어요. (bring),I did not bring my car.
27,K영어회화,Part 01,Unit 03,부정문 동사의 비밀 공개,https://www.youtube.com/watch?v=CTpvRi2G6HA,3,저는 스마트폰이 없어요. (have),I do not have a smartphone.
28,K영어회화,Part 01,Unit 03,부정문 동사의 비밀 공개,https://www.youtube.com/watch?v=CTpvRi2G6HA,4,당신은 이곳에 올 수 없어요. (come),You cannot come here.
29,K영어회화,Part 01,Unit 03,부정문 동사의 비밀 공개,https://www.youtube.com/watch?v=CTpvRi2G6HA,5,그는 커피를 마시지 않을 거예요. (drink),He will not drink coffee.
30,K영어회화,Part 01,Unit 03,부정문 동사의 비밀 공개,https://www.youtube.com/watch?v=CTpvRi2G6HA,6,그는 오늘 일하지 않을 거예요. (work),He will not work today.
31,K영어회화,Part 01,Unit 03,부정문 동사의 비밀 공개,https://www.youtube.com/watch?v=CTpvRi2G6HA,7,그녀는 거기에 가지 않았어요. (go),She did not go there.
32,K영어회화,Part 01,Unit 03,부정문 동사의 비밀 공개,https://www.youtube.com/watch?v=CTpvRi2G6HA,8,그녀는 무서운 영화들을 보지 않을 거예요. (watch),She will not watch scary movies.
33,K영어회화,Part 01,Unit 03,부정문 동사의 비밀 공개,https://www.youtube.com/watch?v=CTpvRi2G6HA,9,우리는 오늘 밤에 운동할 수 없어요. (work out),We cannot work out tonight.
34,K영어회화,Part 01,Unit 03,부정문 동사의 비밀 공개,https://www.youtube.com/watch?v=CTpvRi2G6HA,10,우리는 영어를 할 수 없어요. (speak),We cannot speak English.
35,K영어회화,Part 01,Unit 03,부정문 동사의 비밀 공개,https://www.youtube.com/watch?v=CTpvRi2G6HA,11,그들은 어제 일을 하지 않았어요. (work),They did not work yesterday.
36,K영어회화,Part 01,Unit 03,부정문 동사의 비밀 공개,https://www.youtube.com/watch?v=CTpvRi2G6HA,12,그들은 야채를 먹지 않아요. (eat),They do not eat vegetables.
37,K영어회화,Part 01,Unit 04,동사 단어 10개로 80문장 만들기,https://www.youtube.com/watch?v=CTpvRi2G6HA,1,나는 넷플릭스로 영화를 봤다. (watch),I watched a movie on Netflix.
38,K영어회화,Part 01,Unit 04,동사 단어 10개로 80문장 만들기,https://www.youtube.com/watch?v=CTpvRi2G6HA,2,나는 내 방을 청소했다. (clean),I cleaned my room.
39,K영어회화,Part 01,Unit 04,동사 단어 10개로 80문장 만들기,https://www.youtube.com/watch?v=CTpvRi2G6HA,3,나는 스마트폰을 가지고 있지 않다. (have),I don't have a smartphone.
40,K영어회화,Part 01,Unit 04,동사 단어 10개로 80문장 만들기,https://www.youtube.com/watch?v=CTpvRi2G6HA,4,너는 영어를 할 수 있어. (speak),You can speak English.
41,K영어회화,Part 01,Unit 04,동사 단어 10개로 80문장 만들기,https://www.youtube.com/watch?v=CTpvRi2G6HA,5,그는 서울에 가지 않을 것이다. (go),He will not go to Seoul.
42,K영어회화,Part 01,Unit 04,동사 단어 10개로 80문장 만들기,https://www.youtube.com/watch?v=CTpvRi2G6HA,6,그는 너를 도와줄 수 없어. (help),He can't help you.
43,K영어회화,Part 01,Unit 04,동사 단어 10개로 80문장 만들기,https://www.youtube.com/watch?v=CTpvRi2G6HA,7,그녀는 점심을 먹을 수 없다. (eat),She can't eat lunch.
44,K영어회화,Part 01,Unit 04,동사 단어 10개로 80문장 만들기,https://www.youtube.com/watch?v=CTpvRi2G6HA,8,그녀는 여기 오지 않을 것이다. (come),She will not come here.
45,K영어회화,Part 01,Unit 04,동사 단어 10개로 80문장 만들기,https://www.youtube.com/watch?v=CTpvRi2G6HA,9,우리는 일찍 일어나지 않았다. (wake up),We didn't wake up early.
46,K영어회화,Part 01,Unit 04,동사 단어 10개로 80문장 만들기,https://www.youtube.com/watch?v=CTpvRi2G6HA,10,우리는 책들을 살 것이다. (buy),We will buy books.
47,K영어회화,Part 01,Unit 04,동사 단어 10개로 80문장 만들기,https://www.youtube.com/watch?v=CTpvRi2G6HA,11,우리는 커피를 마시지 않는다. (drink),We don't drink coffee.
48,K영어회화,Part 01,Unit 04,동사 단어 10개로 80문장 만들기,https://www.youtube.com/watch?v=CTpvRi2G6HA,12,그들은 늦게 잔다. (sleep),They sleep late.
49,K영어회화,Part 01,Unit 05,더 자세한 문장 만들기 주어 동사 목적어 ++,https://www.youtube.com/watch?v=dChiYEk7Lxc,1,그는 점심을 먹을 거다.,He will eat lunch.
50,K영어회화,Part 01,Unit 05,더 자세한 문장 만들기 주어 동사 목적어 ++,https://www.youtube.com/watch?v=dChiYEk7Lxc,2,그는 집에서 점심을 먹을 거다.,He will eat lunch at home.
51,K영어회화,Part 01,Unit 05,더 자세한 문장 만들기 주어 동사 목적어 ++,https://www.youtube.com/watch?v=dChiYEk7Lxc,3,그들은 집에 있지 않을 거다.,They will not stay home.
52,K영어회화,Part 01,Unit 05,더 자세한 문장 만들기 주어 동사 목적어 ++,https://www.youtube.com/watch?v=dChiYEk7Lxc,4,그들은 온종일 집에 있지 않을 거다.,They will not stay home all day long.
53,K영어회화,Part 01,Unit 05,더 자세한 문장 만들기 주어 동사 목적어 ++,https://www.youtube.com/watch?v=dChiYEk7Lxc,5,우리는 도서관에 간다.,We go to the library.
54,K영어회화,Part 01,Unit 05,더 자세한 문장 만들기 주어 동사 목적어 ++,https://www.youtube.com/watch?v=dChiYEk7Lxc,6,우리는 주말마다 도서관에 간다.,We go to the library every weekend.
55,K영어회화,Part 01,Unit 05,더 자세한 문장 만들기 주어 동사 목적어 ++,https://www.youtube.com/watch?v=dChiYEk7Lxc,7,너는 이 영화를 봤다.,You watched this movie.
56,K영어회화,Part 01,Unit 05,더 자세한 문장 만들기 주어 동사 목적어 ++,https://www.youtube.com/watch?v=dChiYEk7Lxc,8,너는 나랑 이 영화를 봤다.,You watched this movie with me.
57,K영어회화,Part 01,Unit 05,더 자세한 문장 만들기 주어 동사 목적어 ++,https://www.youtube.com/watch?v=dChiYEk7Lxc,9,너는 나랑 이 영화를 영화관에서 봤다.,You watched this movie with me at the theater.
58,K영어회화,Part 01,Unit 05,더 자세한 문장 만들기 주어 동사 목적어 ++,https://www.youtube.com/watch?v=dChiYEk7Lxc,10,난 부산에 갈 거야.,I will go to Busan.
59,K영어회화,Part 01,Unit 05,더 자세한 문장 만들기 주어 동사 목적어 ++,https://www.youtube.com/watch?v=dChiYEk7Lxc,11,난 KTX로 부산에 갈 거야.,I will go to Busan by KTX.
60,K영어회화,Part 01,Unit 05,더 자세한 문장 만들기 주어 동사 목적어 ++,https://www.youtube.com/watch?v=dChiYEk7Lxc,12,난 내일 KTX로 부산에 갈 거야.,I will go to Busan by KTX tomorrow.
61,K영어회화,Part 01,Unit 06,의문문 단어의 위치를 알아야 문장을 만들 수 있다!,https://www.youtube.com/watch?v=1Eibwov2PfU,1,너 내일 일해?,Do you work tomorrow?
62,K영어회화,Part 01,Unit 06,의문문 단어의 위치를 알아야 문장을 만들 수 있다!,https://www.youtube.com/watch?v=1Eibwov2PfU,2,너 버스 탔니?,Did you take the bus?
63,K영어회화,Part 01,Unit 06,의문문 단어의 위치를 알아야 문장을 만들 수 있다!,https://www.youtube.com/watch?v=1Eibwov2PfU,3,너 오늘 밤 운동할 거니?,Will you exercise tonight?
64,K영어회화,Part 01,Unit 06,의문문 단어의 위치를 알아야 문장을 만들 수 있다!,https://www.youtube.com/watch?v=1Eibwov2PfU,4,에어컨 좀 켜줄 수 있니?,Can you turn on the A/C?
65,K영어회화,Part 01,Unit 06,의문문 단어의 위치를 알아야 문장을 만들 수 있다!,https://www.youtube.com/watch?v=1Eibwov2PfU,5,너 지갑 가지고 있어?,Do you have your wallet?
66,K영어회화,Part 01,Unit 06,의문문 단어의 위치를 알아야 문장을 만들 수 있다!,https://www.youtube.com/watch?v=1Eibwov2PfU,6,그녀는 (그녀의) 휴대폰을 찾았나요?,Did she find her phone?
67,K영어회화,Part 01,Unit 06,의문문 단어의 위치를 알아야 문장을 만들 수 있다!,https://www.youtube.com/watch?v=1Eibwov2PfU,7,그가 제 말을 들을까요?,Will he listen to me?
68,K영어회화,Part 01,Unit 06,의문문 단어의 위치를 알아야 문장을 만들 수 있다!,https://www.youtube.com/watch?v=1Eibwov2PfU,8,우리 이번 주말에 소풍 갈 수 있나요?,Can we go on a picnic this weekend?
69,K영어회화,Part 01,Unit 06,의문문 단어의 위치를 알아야 문장을 만들 수 있다!,https://www.youtube.com/watch?v=1Eibwov2PfU,9,당신은 동물을 좋아하시나요?,Do you like animals?
70,K영어회화,Part 01,Unit 06,의문문 단어의 위치를 알아야 문장을 만들 수 있다!,https://www.youtube.com/watch?v=1Eibwov2PfU,10,너 아침 먹었니?,Did you have breakfast?
71,K영어회화,Part 01,Unit 06,의문문 단어의 위치를 알아야 문장을 만들 수 있다!,https://www.youtube.com/watch?v=1Eibwov2PfU,11,그녀는 오늘 영어 공부를 할 건가요?,Will she study English today?
72,K영어회화,Part 01,Unit 06,의문문 단어의 위치를 알아야 문장을 만들 수 있다!,https://www.youtube.com/watch?v=1Eibwov2PfU,12,우리 산책하러 갈 수 있을까?,Can we go for a walk?
73,K영어회화,Part 01,Unit 07,더 자세한 질문 하기 육하원칙의 위치와 사용법,https://www.youtube.com/watch?v=xgxG-KJMrc0,1,너 어젯밤에 어디 갔었어?,Where did you go last night?
74,K영어회화,Part 01,Unit 07,더 자세한 질문 하기 육하원칙의 위치와 사용법,https://www.youtube.com/watch?v=xgxG-KJMrc0,2,너는 (너의) 옷들을 어디에서 사니?,Where do you buy your clothes?
75,K영어회화,Part 01,Unit 07,더 자세한 질문 하기 육하원칙의 위치와 사용법,https://www.youtube.com/watch?v=xgxG-KJMrc0,3,당신은 언제 강아지를 산책시키나요?,When do you walk your dog?
76,K영어회화,Part 01,Unit 07,더 자세한 질문 하기 육하원칙의 위치와 사용법,https://www.youtube.com/watch?v=xgxG-KJMrc0,4,그녀는 언제 그것을 끝냈나요?,When did she finish it?
77,K영어회화,Part 01,Unit 07,더 자세한 질문 하기 육하원칙의 위치와 사용법,https://www.youtube.com/watch?v=xgxG-KJMrc0,5,네가 그걸 어떻게 알아?,How do you know that?
78,K영어회화,Part 01,Unit 07,더 자세한 질문 하기 육하원칙의 위치와 사용법,https://www.youtube.com/watch?v=xgxG-KJMrc0,6,어떻게 도와드릴까요?,How can I help you?
79,K영어회화,Part 01,Unit 07,더 자세한 질문 하기 육하원칙의 위치와 사용법,https://www.youtube.com/watch?v=xgxG-KJMrc0,7,저녁으로 뭐 드셨어요?,What did you eat for dinner?
80,K영어회화,Part 01,Unit 07,더 자세한 질문 하기 육하원칙의 위치와 사용법,https://www.youtube.com/watch?v=xgxG-KJMrc0,8,너 오늘 밤에 뭐 할 거야?,What will you do tonight?
81,K영어회화,Part 01,Unit 07,더 자세한 질문 하기 육하원칙의 위치와 사용법,https://www.youtube.com/watch?v=xgxG-KJMrc0,9,우리 이번 주말에 누구 만나?,Who will we meet this weekend?
82,K영어회화,Part 01,Unit 07,더 자세한 질문 하기 육하원칙의 위치와 사용법,https://www.youtube.com/watch?v=xgxG-KJMrc0,10,너 어제 누구랑 놀았니?,Who did you hang out with yesterday?
83,K영어회화,Part 01,Unit 07,더 자세한 질문 하기 육하원칙의 위치와 사용법,https://www.youtube.com/watch?v=xgxG-KJMrc0,11,그들은 왜 영어를 공부하나요?,Why do they study English?
84,K영어회화,Part 01,Unit 07,더 자세한 질문 하기 육하원칙의 위치와 사용법,https://www.youtube.com/watch?v=xgxG-KJMrc0,12,너 어젯밤 나한테 왜 전화했어?,Why did you call me last night?
85,K영어회화,Part 02,Unit 08,be 동사 영어의 반은 be 동사 문장,https://www.youtube.com/watch?v=mC9O-1vrjJ4,1,우리는 행복하다. (be happy),We are happy.
86,K영어회화,Part 02,Unit 08,be 동사 영어의 반은 be 동사 문장,https://www.youtube.com/watch?v=mC9O-1vrjJ4,2,나는 오늘 피곤하다. (be tired),I am tired today.
87,K영어회화,Part 02,Unit 08,be 동사 영어의 반은 be 동사 문장,https://www.youtube.com/watch?v=mC9O-1vrjJ4,3,그들은 배고프다. (be hungry),They are hungry.
88,K영어회화,Part 02,Unit 08,be 동사 영어의 반은 be 동사 문장,https://www.youtube.com/watch?v=mC9O-1vrjJ4,4,그것은 아름답다. (be beautiful),It is beautiful.
89,K영어회화,Part 02,Unit 08,be 동사 영어의 반은 be 동사 문장,https://www.youtube.com/watch?v=mC9O-1vrjJ4,5,그녀는 키가 크다. (be tall),She is tall.
90,K영어회화,Part 02,Unit 08,be 동사 영어의 반은 be 동사 문장,https://www.youtube.com/watch?v=mC9O-1vrjJ4,6,이 차는 비싸다. (be expensive),This car is expensive.
91,K영어회화,Part 02,Unit 08,be 동사 영어의 반은 be 동사 문장,https://www.youtube.com/watch?v=mC9O-1vrjJ4,7,내 방은 오늘 깨끗하다. (be clean),My room is clean today.
92,K영어회화,Part 02,Unit 08,be 동사 영어의 반은 be 동사 문장,https://www.youtube.com/watch?v=mC9O-1vrjJ4,8,우리는 내일 바빠요. (be busy),We are busy tomorrow.
93,K영어회화,Part 02,Unit 08,be 동사 영어의 반은 be 동사 문장,https://www.youtube.com/watch?v=mC9O-1vrjJ4,9,그는 모두에게 착해요. (be nice),He is nice to everyone.
94,K영어회화,Part 02,Unit 08,be 동사 영어의 반은 be 동사 문장,https://www.youtube.com/watch?v=mC9O-1vrjJ4,10,그들은 화가 났어요. (be upset),They are upset.
95,K영어회화,Part 02,Unit 08,be 동사 영어의 반은 be 동사 문장,https://www.youtube.com/watch?v=mC9O-1vrjJ4,11,그 식당은 커요. (be big),The restaurant is big.
96,K영어회화,Part 02,Unit 08,be 동사 영어의 반은 be 동사 문장,https://www.youtube.com/watch?v=mC9O-1vrjJ4,12,오늘은 날씨가 매우 추워요. (be cold),It is very cold today.
97,K영어회화,Part 02,Unit 09,be 동사 부정문 am not do not의 구분법,https://www.youtube.com/watch?v=mC9O-1vrjJ4,1,그녀는 행복하다.,She is happy.
98,K영어회화,Part 02,Unit 09,be 동사 부정문 am not do not의 구분법,https://www.youtube.com/watch?v=mC9O-1vrjJ4,2,그녀는 행복하지 않다.,She is not happy.
99,K영어회화,Part 02,Unit 09,be 동사 부정문 am not do not의 구분법,https://www.youtube.com/watch?v=mC9O-1vrjJ4,3,나는 졸리다.,I am sleepy.
100,K영어회화,Part 02,Unit 09,be 동사 부정문 am not do not의 구분법,https://www.youtube.com/watch?v=mC9O-1vrjJ4,4,나는 졸리지 않다.,I am not sleepy.
101,K영어회화,Part 02,Unit 09,be 동사 부정문 am not do not의 구분법,https://www.youtube.com/watch?v=mC9O-1vrjJ4,5,이 영화는 웃기다.,This movie is funny.
102,K영어회화,Part 02,Unit 09,be 동사 부정문 am not do not의 구분법,https://www.youtube.com/watch?v=mC9O-1vrjJ4,6,이 영화는 웃기지 않는다.,This movie is not funny.
103,K영어회화,Part 02,Unit 09,be 동사 부정문 am not do not의 구분법,https://www.youtube.com/watch?v=mC9O-1vrjJ4,7,그는 연기에 관심이 있다.,He is interested in acting.
104,K영어회화,Part 02,Unit 09,be 동사 부정문 am not do not의 구분법,https://www.youtube.com/watch?v=mC9O-1vrjJ4,8,그는 연기에 관심이 없다.,He is not interested in acting.
105,K영어회화,Part 02,Unit 09,be 동사 부정문 am not do not의 구분법,https://www.youtube.com/watch?v=mC9O-1vrjJ4,9,내 형들은 게으르다.,My brothers are lazy.
106,K영어회화,Part 02,Unit 09,be 동사 부정문 am not do not의 구분법,https://www.youtube.com/watch?v=mC9O-1vrjJ4,10,내 형들은 게으르지 않다.,My brothers are not lazy.
107,K영어회화,Part 02,Unit 09,be 동사 부정문 am not do not의 구분법,https://www.youtube.com/watch?v=mC9O-1vrjJ4,11,이 인터뷰는 나에게 중요하다.,This interview is important to me.
108,K영어회화,Part 02,Unit 09,be 동사 부정문 am not do not의 구분법,https://www.youtube.com/watch?v=mC9O-1vrjJ4,12,이 인터뷰는 나에게 중요하지 않다.,This interview is not important to me.
109,K영어회화,Part 02,Unit 10,be 동사 의문문 움직임 하나로 의문문이 가능하다!,https://www.youtube.com/watch?v=pn1fUscTRNs&t=15s,1,They are excited. -> 그들은 신났다. / 그들은 신났니?,Are they excited?
110,K영어회화,Part 02,Unit 10,be 동사 의문문 움직임 하나로 의문문이 가능하다!,https://www.youtube.com/watch?v=pn1fUscTRNs&t=15s,2,It is hot outside. -> 밖은 덥다. / 밖은 더운가요?,Is it hot outside?
111,K영어회화,Part 02,Unit 10,be 동사 의문문 움직임 하나로 의문문이 가능하다!,https://www.youtube.com/watch?v=pn1fUscTRNs&t=15s,3,He is okay. -> 그는 괜찮다. / 그는 괜찮나요?,Is he okay?
112,K영어회화,Part 02,Unit 10,be 동사 의문문 움직임 하나로 의문문이 가능하다!,https://www.youtube.com/watch?v=pn1fUscTRNs&t=15s,4,I am late again. -> 나 또 늦었어. / 나 또 늦었어?,Am I late again?
113,K영어회화,Part 02,Unit 10,be 동사 의문문 움직임 하나로 의문문이 가능하다!,https://www.youtube.com/watch?v=pn1fUscTRNs&t=15s,5,We are ready now. -> 우리는 이제 준비됐어요. / 우리 이제 준비됐나요?,Are we ready now?
114,K영어회화,Part 02,Unit 10,be 동사 의문문 움직임 하나로 의문문이 가능하다!,https://www.youtube.com/watch?v=pn1fUscTRNs&t=15s,6,I am right. -> 제가 맞아요. / 제가 맞나요?,Am I right?
115,K영어회화,Part 02,Unit 10,be 동사 의문문 움직임 하나로 의문문이 가능하다!,https://www.youtube.com/watch?v=pn1fUscTRNs&t=15s,7,She is sick today. -> 그녀는 오늘 아파요. / 그녀는 오늘 아픈가요?,Is she sick today?
116,K영어회화,Part 02,Unit 10,be 동사 의문문 움직임 하나로 의문문이 가능하다!,https://www.youtube.com/watch?v=pn1fUscTRNs&t=15s,8,He is good at games. -> 그는 게임을 잘한다. / 그는 게임을 잘하니?,Is he good at games?
117,K영어회화,Part 02,Unit 10,be 동사 의문문 움직임 하나로 의문문이 가능하다!,https://www.youtube.com/watch?v=pn1fUscTRNs&t=15s,9,His ideas are creative. -> 그의 아이디어들은 창의적이다. / 그의 아이디어들은 창의적인가요?,Are his ideas creative?
118,K영어회화,Part 02,Unit 10,be 동사 의문문 움직임 하나로 의문문이 가능하다!,https://www.youtube.com/watch?v=pn1fUscTRNs&t=15s,10,Your computer is expensive. -> 너의 컴퓨터는 비싸다. / 너의 컴퓨터는 비싸니?,Is your computer expensive?
119,K영어회화,Part 02,Unit 11,be 동사 문장 총정리,https://www.youtube.com/watch?v=pn1fUscTRNs&t=15s,1,"A 당신은 지루한가요? Are you bored? / B 네, 저는 지루해요.","Yes, I am bored."
120,K영어회화,Part 02,Unit 11,be 동사 문장 총정리,https://www.youtube.com/watch?v=pn1fUscTRNs&t=15s,2,"A 그녀는 건강한가요? Is she healthy? / B 네, 그녀는 건강해요.","Yes, she is healthy."
121,K영어회화,Part 02,Unit 11,be 동사 문장 총정리,https://www.youtube.com/watch?v=pn1fUscTRNs&t=15s,3,"A 오늘 날씨가 추운가요? Is it cold today?/ B 아니요, 오늘 춥지 않아요.","No, it is not cold today."
122,K영어회화,Part 02,Unit 11,be 동사 문장 총정리,https://www.youtube.com/watch?v=pn1fUscTRNs&t=15s,4,"A 그들은 준비가 됐나요? Are they ready?/ B 네, 그들은 준비가 됐어요.","Yes, they are ready."
123,K영어회화,Part 02,Unit 11,be 동사 문장 총정리,https://www.youtube.com/watch?v=pn1fUscTRNs&t=15s,5,"A 저 오늘 지각인가요? Am I late today?/ B 아니요, 늦지 않으셨어요.","No, you are not late."
124,K영어회화,Part 02,Unit 11,be 동사 문장 총정리,https://www.youtube.com/watch?v=pn1fUscTRNs&t=15s,6,"A 이 사진이 당신에게 중요한가요? Is this picture important to you?/ B 네, 이 사진은 제게 중요해요.","Yes, this picture is important to me."
125,K영어회화,Part 02,Unit 12,be 동사의 두 번째 뜻 ~에 있다(위치/장소),https://www.youtube.com/watch?v=FCUbWrkqBZs&t=35s,1,나 부엌에 있어.,I am in the kitchen.
126,K영어회화,Part 02,Unit 12,be 동사의 두 번째 뜻 ~에 있다(위치/장소),https://www.youtube.com/watch?v=FCUbWrkqBZs&t=35s,2,그녀는 직장에 있어요.,She is at work.
127,K영어회화,Part 02,Unit 12,be 동사의 두 번째 뜻 ~에 있다(위치/장소),https://www.youtube.com/watch?v=FCUbWrkqBZs&t=35s,3,그들은 공항에 있어요.,They are at the airport.
128,K영어회화,Part 02,Unit 12,be 동사의 두 번째 뜻 ~에 있다(위치/장소),https://www.youtube.com/watch?v=FCUbWrkqBZs&t=35s,4,너의 키는 테이블 위에 있어.,Your key is on the table.
129,K영어회화,Part 02,Unit 12,be 동사의 두 번째 뜻 ~에 있다(위치/장소),https://www.youtube.com/watch?v=FCUbWrkqBZs&t=35s,5,그거 차에 없어.,It is not in the car.
130,K영어회화,Part 02,Unit 12,be 동사의 두 번째 뜻 ~에 있다(위치/장소),https://www.youtube.com/watch?v=FCUbWrkqBZs&t=35s,6,그녀는 방에 없다.,She is not in her room.
131,K영어회화,Part 02,Unit 12,be 동사의 두 번째 뜻 ~에 있다(위치/장소),https://www.youtube.com/watch?v=FCUbWrkqBZs&t=35s,7,우리는 아직 거기에 있지 않아요.,We are not there yet.
132,K영어회화,Part 02,Unit 12,be 동사의 두 번째 뜻 ~에 있다(위치/장소),https://www.youtube.com/watch?v=FCUbWrkqBZs&t=35s,8,네 휴대폰 여기 없어.,Your phone is not here.
133,K영어회화,Part 02,Unit 12,be 동사의 두 번째 뜻 ~에 있다(위치/장소),https://www.youtube.com/watch?v=FCUbWrkqBZs&t=35s,9,너 사무실 안에 있니?,Are you in the office?
134,K영어회화,Part 02,Unit 12,be 동사의 두 번째 뜻 ~에 있다(위치/장소),https://www.youtube.com/watch?v=FCUbWrkqBZs&t=35s,10,그는 병원에 있나요?,Is he at the hospital?
135,K영어회화,Part 02,Unit 12,be 동사의 두 번째 뜻 ~에 있다(위치/장소),https://www.youtube.com/watch?v=FCUbWrkqBZs&t=35s,11,그들은 한국에 있나요?,Are they in Korea?
136,K영어회화,Part 02,Unit 12,be 동사의 두 번째 뜻 ~에 있다(위치/장소),https://www.youtube.com/watch?v=FCUbWrkqBZs&t=35s,12,거기 누구 있나요?,Who is there?
137,K영어회화,Part 02,Unit 13,육하원칙 + be 동사 의문문 be동사 문장도 육하원칙 응용이 가능!,https://www.youtube.com/watch?v=pn1fUscTRNs&t=15s,1,날씨가 어떤가요?,How is the weather?
138,K영어회화,Part 02,Unit 13,육하원칙 + be 동사 의문문 be동사 문장도 육하원칙 응용이 가능!,https://www.youtube.com/watch?v=pn1fUscTRNs&t=15s,2,거기 음식은 어때요?,How is the food there?
139,K영어회화,Part 02,Unit 13,육하원칙 + be 동사 의문문 be동사 문장도 육하원칙 응용이 가능!,https://www.youtube.com/watch?v=pn1fUscTRNs&t=15s,3,당신의 직업은 무엇인가요?,What is your occupation?
140,K영어회화,Part 02,Unit 13,육하원칙 + be 동사 의문문 be동사 문장도 육하원칙 응용이 가능!,https://www.youtube.com/watch?v=pn1fUscTRNs&t=15s,4,당신의 휴대폰은 어디에 있나요?,Where is your phone?
141,K영어회화,Part 02,Unit 13,육하원칙 + be 동사 의문문 be동사 문장도 육하원칙 응용이 가능!,https://www.youtube.com/watch?v=pn1fUscTRNs&t=15s,5,그녀는 누구랑 있나요?,Who is she with?
142,K영어회화,Part 02,Unit 13,육하원칙 + be 동사 의문문 be동사 문장도 육하원칙 응용이 가능!,https://www.youtube.com/watch?v=pn1fUscTRNs&t=15s,6,오늘 왜 이렇게 더운 건가요?,Why is it so hot today?
143,K영어회화,Part 02,Unit 13,육하원칙 + be 동사 의문문 be동사 문장도 육하원칙 응용이 가능!,https://www.youtube.com/watch?v=pn1fUscTRNs&t=15s,7,그 영화 어때요?,How is the movie?
144,K영어회화,Part 02,Unit 13,육하원칙 + be 동사 의문문 be동사 문장도 육하원칙 응용이 가능!,https://www.youtube.com/watch?v=pn1fUscTRNs&t=15s,8,당신은 그녀가 왜 무서운가요?,Why are you scared of her?
145,K영어회화,Part 02,Unit 13,육하원칙 + be 동사 의문문 be동사 문장도 육하원칙 응용이 가능!,https://www.youtube.com/watch?v=pn1fUscTRNs&t=15s,9,그들은 왜 음악에 관심이 있나요?,Why are they interested in music?
146,K영어회화,Part 02,Unit 13,육하원칙 + be 동사 의문문 be동사 문장도 육하원칙 응용이 가능!,https://www.youtube.com/watch?v=pn1fUscTRNs&t=15s,10,당신의 생일은 언제인가요?,When is your birthday?
147,K영어회화,Part 02,Unit 13,육하원칙 + be 동사 의문문 be동사 문장도 육하원칙 응용이 가능!,https://www.youtube.com/watch?v=pn1fUscTRNs&t=15s,11,마감일이 언제죠?,When is it due?
148,K영어회화,Part 02,Unit 13,육하원칙 + be 동사 의문문 be동사 문장도 육하원칙 응용이 가능!,https://www.youtube.com/watch?v=pn1fUscTRNs&t=15s,12,그 식당은 어디에 있나요?,Where is the restaurant located?
149,K영어회화,Part 02,Unit 14,be동사 과거 'was/were' 영어 표현을 늘릴 수 있는 지름길!,https://www.youtube.com/watch?v=mC9O-1vrjJ4,1,그들은 운이 좋다.,They are lucky.
150,K영어회화,Part 02,Unit 14,be동사 과거 'was/were' 영어 표현을 늘릴 수 있는 지름길!,https://www.youtube.com/watch?v=mC9O-1vrjJ4,2,그들은 운이 좋았다.,They were lucky.
151,K영어회화,Part 02,Unit 14,be동사 과거 'was/were' 영어 표현을 늘릴 수 있는 지름길!,https://www.youtube.com/watch?v=mC9O-1vrjJ4,3,그것은 공평하지 않아요.,It is not fair.
152,K영어회화,Part 02,Unit 14,be동사 과거 'was/were' 영어 표현을 늘릴 수 있는 지름길!,https://www.youtube.com/watch?v=mC9O-1vrjJ4,4,그것은 공평하지 않았어요.,It was not fair.
153,K영어회화,Part 02,Unit 14,be동사 과거 'was/were' 영어 표현을 늘릴 수 있는 지름길!,https://www.youtube.com/watch?v=mC9O-1vrjJ4,5,그는 웃기니?,Is he funny?
154,K영어회화,Part 02,Unit 14,be동사 과거 'was/were' 영어 표현을 늘릴 수 있는 지름길!,https://www.youtube.com/watch?v=mC9O-1vrjJ4,6,그는 웃겼니?,Was he funny?
155,K영어회화,Part 02,Unit 14,be동사 과거 'was/were' 영어 표현을 늘릴 수 있는 지름길!,https://www.youtube.com/watch?v=mC9O-1vrjJ4,7,이것은 복잡하다.,This is complicated.
156,K영어회화,Part 02,Unit 14,be동사 과거 'was/were' 영어 표현을 늘릴 수 있는 지름길!,https://www.youtube.com/watch?v=mC9O-1vrjJ4,8,이것은 복잡했다.,This was complicated.
157,K영어회화,Part 02,Unit 14,be동사 과거 'was/were' 영어 표현을 늘릴 수 있는 지름길!,https://www.youtube.com/watch?v=mC9O-1vrjJ4,9,너 걱정되니?,Are you worried?
158,K영어회화,Part 02,Unit 14,be동사 과거 'was/were' 영어 표현을 늘릴 수 있는 지름길!,https://www.youtube.com/watch?v=mC9O-1vrjJ4,10,너 걱정됐니?,Were you worried?
159,K영어회화,Part 02,Unit 14,be동사 과거 'was/were' 영어 표현을 늘릴 수 있는 지름길!,https://www.youtube.com/watch?v=mC9O-1vrjJ4,11,음식은 맛있지 않아요.,The food is not delicious.
160,K영어회화,Part 02,Unit 14,be동사 과거 'was/were' 영어 표현을 늘릴 수 있는 지름길!,https://www.youtube.com/watch?v=mC9O-1vrjJ4,12,음식은 맛있지 않았어요.,The food was not delicious.
161,K영어회화,Part 02,Unit 15,'will + be' 내 영어에 경쟁력을 더해주자,https://www.youtube.com/watch?v=mC9O-1vrjJ4,1,그 음식은 맛있어요. (The food is delicious.) -> 그 음식은 맛있을 거예요.,The food will be delicious.
162,K영어회화,Part 02,Unit 15,'will + be' 내 영어에 경쟁력을 더해주자,https://www.youtube.com/watch?v=mC9O-1vrjJ4,2,그녀는 당신을 자랑스러워해요. (She is proud of you.) -> 그녀는 당신을 자랑스러워할 거예요.,She will be proud of you.
163,K영어회화,Part 02,Unit 15,'will + be' 내 영어에 경쟁력을 더해주자,https://www.youtube.com/watch?v=mC9O-1vrjJ4,3,우리는 지금 뉴욕에 있지 않아요. (We are not in New York now.) -> 우리는 오늘 뉴욕에 있지 않을 거예요.,We will not be in New York today.
164,K영어회화,Part 02,Unit 15,'will + be' 내 영어에 경쟁력을 더해주자,https://www.youtube.com/watch?v=mC9O-1vrjJ4,4,그 소포는 거기에 있어요. (The package is there.) -> 그 소포는 거기에 있을 거예요.,The package will be there.
165,K영어회화,Part 02,Unit 15,'will + be' 내 영어에 경쟁력을 더해주자,https://www.youtube.com/watch?v=mC9O-1vrjJ4,5,그녀가 늦었나요? (Is she late?) -> 그녀가 늦을까요?,Will she be late?
166,K영어회화,Part 02,Unit 15,'will + be' 내 영어에 경쟁력을 더해주자,https://www.youtube.com/watch?v=mC9O-1vrjJ4,6,그는 12시 이후에 시간이 가능합니다. (He is available after 12.) -> 그는 12시 이후에 시간이 가능할 겁니다.,He will be available after 12.
167,K영어회화,Part 02,Unit 16,'can + be' 영어에 입체감을 더하자,https://www.youtube.com/watch?v=mC9O-1vrjJ4,1,그녀는 좋은 친구예요. (She is a good friend.) -> 그녀는 좋은 친구가 될 수 있어요.,She can be a good friend.
168,K영어회화,Part 02,Unit 16,'can + be' 영어에 입체감을 더하자,https://www.youtube.com/watch?v=mC9O-1vrjJ4,2,우리는 부자다. (We are rich.) -> 우리는 부자가 될 수 있다.,We can be rich.
169,K영어회화,Part 02,Unit 16,'can + be' 영어에 입체감을 더하자,https://www.youtube.com/watch?v=mC9O-1vrjJ4,3,그것은 사실이 아니다. (It is not true.) -> 그것이 사실일 수 없다.,It cannot be true.
170,K영어회화,Part 02,Unit 16,'can + be' 영어에 입체감을 더하자,https://www.youtube.com/watch?v=mC9O-1vrjJ4,4,그것은 어렵다. (It is difficult.) -> 그것은 어려울 수 있다.,It can be difficult.
171,K영어회화,Part 02,Unit 16,'can + be' 영어에 입체감을 더하자,https://www.youtube.com/watch?v=mC9O-1vrjJ4,5,너 확신하니? (Are you sure?) -> 너 확신할 수 있니?,Can you be sure?
172,K영어회화,Part 02,Unit 16,'can + be' 영어에 입체감을 더하자,https://www.youtube.com/watch?v=mC9O-1vrjJ4,6,그것은 위험해. (It is dangerous.) -> 그것은 위험할 수 있어.,It can be dangerous.
173,K영어회화,Part 02,Unit 17,3인칭 단수 동사 뒤에 's'는 언제 붙나요?,https://www.youtube.com/watch?v=5IejhDV_nZk,1,그는 요즘 집에서 일해.,He works from home these days.
174,K영어회화,Part 02,Unit 17,3인칭 단수 동사 뒤에 's'는 언제 붙나요?,https://www.youtube.com/watch?v=5IejhDV_nZk,2,그녀는 매일 커피를 마셔.,She drinks coffee every day.
175,K영어회화,Part 02,Unit 17,3인칭 단수 동사 뒤에 's'는 언제 붙나요?,https://www.youtube.com/watch?v=5IejhDV_nZk,3,그녀는 밤에 드라마를 본다.,She watches dramas at night.
176,K영어회화,Part 02,Unit 17,3인칭 단수 동사 뒤에 's'는 언제 붙나요?,https://www.youtube.com/watch?v=5IejhDV_nZk,4,그는 온라인으로 영어를 배운다.,He learns English online.
177,K영어회화,Part 02,Unit 17,3인칭 단수 동사 뒤에 's'는 언제 붙나요?,https://www.youtube.com/watch?v=5IejhDV_nZk,5,그녀는 설거지 한다.,She does the dishes.
178,K영어회화,Part 02,Unit 17,3인칭 단수 동사 뒤에 's'는 언제 붙나요?,https://www.youtube.com/watch?v=5IejhDV_nZk,6,John은 혼자 여행한다.,John travels by himself.
179,K영어회화,Part 02,Unit 17,3인칭 단수 동사 뒤에 's'는 언제 붙나요?,https://www.youtube.com/watch?v=5IejhDV_nZk,7,그녀는 더운 날씨를 좋아하지 않아요.,She does not like hot weather.
180,K영어회화,Part 02,Unit 17,3인칭 단수 동사 뒤에 's'는 언제 붙나요?,https://www.youtube.com/watch?v=5IejhDV_nZk,8,그는 방을 청소하지 않아요.,He does not clean his room.
181,K영어회화,Part 02,Unit 17,3인칭 단수 동사 뒤에 's'는 언제 붙나요?,https://www.youtube.com/watch?v=5IejhDV_nZk,9,나의 아버지는 더 이상 일을 하시지 않아요.,My dad does not work anymore.
182,K영어회화,Part 02,Unit 17,3인칭 단수 동사 뒤에 's'는 언제 붙나요?,https://www.youtube.com/watch?v=5IejhDV_nZk,10,너의 어머니는 꽃을 좋아하시니?,Does your mom like flowers?
183,K영어회화,Part 02,Unit 17,3인칭 단수 동사 뒤에 's'는 언제 붙나요?,https://www.youtube.com/watch?v=5IejhDV_nZk,11,그는 종종 거기에 가니?,Does he go there often?
184,K영어회화,Part 02,Unit 17,3인칭 단수 동사 뒤에 's'는 언제 붙나요?,https://www.youtube.com/watch?v=5IejhDV_nZk,12,영화 언제 시작해?,When does the movie start?
185,K영어회화,Part 02,Unit 18,긴 영어 문장 만들기 If 만약에 ~라면,https://www.youtube.com/watch?v=Z-gwYs4A1vI,1,내가 너의 지갑을 찾는다면 문자 할게.,I will text you if I find your wallet.
186,K영어회화,Part 02,Unit 18,긴 영어 문장 만들기 If 만약에 ~라면,https://www.youtube.com/watch?v=Z-gwYs4A1vI,2,네가 그러면 그녀는 화가 날 거야.,She will be mad if you do that.
187,K영어회화,Part 02,Unit 18,긴 영어 문장 만들기 If 만약에 ~라면,https://www.youtube.com/watch?v=Z-gwYs4A1vI,3,(네가) 열심히 일하면 성공할 거야.,You will succeed if you work hard.
188,K영어회화,Part 02,Unit 18,긴 영어 문장 만들기 If 만약에 ~라면,https://www.youtube.com/watch?v=Z-gwYs4A1vI,4,서두르지 않으면 넌 버스를 놓칠 거야.,You will miss the bus if you don't hurry.
189,K영어회화,Part 02,Unit 18,긴 영어 문장 만들기 If 만약에 ~라면,https://www.youtube.com/watch?v=Z-gwYs4A1vI,5,원하신다면 제가 태워 드릴 수 있어요.,I can give you a ride if you want.
190,K영어회화,Part 02,Unit 18,긴 영어 문장 만들기 If 만약에 ~라면,https://www.youtube.com/watch?v=Z-gwYs4A1vI,6,아프시면 집에 가서 쉬어도 괜찮아요.,You can go home and rest if you are sick.
191,K영어회화,Part 02,Unit 18,긴 영어 문장 만들기 If 만약에 ~라면,https://www.youtube.com/watch?v=Z-gwYs4A1vI,7,만약 그녀가 부탁한다면 당신이 그녀를 집에 데려다 줄 수 있나요?,"If she asks, can you take her home?"
192,K영어회화,Part 02,Unit 18,긴 영어 문장 만들기 If 만약에 ~라면,https://www.youtube.com/watch?v=Z-gwYs4A1vI,8,내일 비가 오면 우리는 그곳에 갈 수 없어.,"If it rains tomorrow, we cannot go there."
193,K영어회화,Part 02,Unit 18,긴 영어 문장 만들기 If 만약에 ~라면,https://www.youtube.com/watch?v=Z-gwYs4A1vI,9,만약 네가 오늘 바쁘면 나는 너를 내일 만나도 돼.,"If you are busy today, I can meet you tomorrow."
194,K영어회화,Part 02,Unit 18,긴 영어 문장 만들기 If 만약에 ~라면,https://www.youtube.com/watch?v=Z-gwYs4A1vI,10,네가 만약 지하철을 타지 않으면 어떻게 직장에 갈 수 있어?,"If you don't take the subway, how can you go to work?"
195,K영어회화,Part 02,Unit 18,긴 영어 문장 만들기 If 만약에 ~라면,https://www.youtube.com/watch?v=Z-gwYs4A1vI,11,네가 사실을 말해 주지 않는다면 그녀는 실망할 거야.,"If you don't tell her the truth, she will be disappointed."
196,K영어회화,Part 02,Unit 18,긴 영어 문장 만들기 If 만약에 ~라면,https://www.youtube.com/watch?v=Z-gwYs4A1vI,12,만약 그가 또다시 지각한다면 그에게 경고해 줄 수 있나요?,"If he is late to work again, can you warn him?"
197,K영어회화,Part 03,Unit 19,to ~하는 것 반드시 알아야 하는 영어 단어 하나!,https://www.youtube.com/watch?v=M501Y8FBe90&t=313s,1,나는 쉬는 것이 필요하다,I need to rest.
198,K영어회화,Part 03,Unit 19,to ~하는 것 반드시 알아야 하는 영어 단어 하나!,https://www.youtube.com/watch?v=M501Y8FBe90&t=313s,2,나는 피자 먹는 것을 원한다,I want to eat pizza.
199,K영어회화,Part 03,Unit 19,to ~하는 것 반드시 알아야 하는 영어 단어 하나!,https://www.youtube.com/watch?v=M501Y8FBe90&t=313s,3,나는 영화 보는 것을 좋아한다.,I like to watch movies.
200,K영어회화,Part 03,Unit 19,to ~하는 것 반드시 알아야 하는 영어 단어 하나!,https://www.youtube.com/watch?v=M501Y8FBe90&t=313s,4,나는 쿠키 만드는 것을 좋아한다.,I like to make cookies.
201,K영어회화,Part 03,Unit 19,to ~하는 것 반드시 알아야 하는 영어 단어 하나!,https://www.youtube.com/watch?v=M501Y8FBe90&t=313s,5,우리는 골프 치는 것을 원한다.,We want to play golf.
202,K영어회화,Part 03,Unit 19,to ~하는 것 반드시 알아야 하는 영어 단어 하나!,https://www.youtube.com/watch?v=M501Y8FBe90&t=313s,6,그들은 오늘 일 하는 것이 필요하다.,They need to work today.
203,K영어회화,Part 03,Unit 20,어휘력 패턴의 시작 want to ~하고 싶다,https://www.youtube.com/watch?v=8WcDnvQOq0s&t=110s,1,우리는 오늘 골프 치고 싶어요.,We want to play golf today.
204,K영어회화,Part 03,Unit 20,어휘력 패턴의 시작 want to ~하고 싶다,https://www.youtube.com/watch?v=8WcDnvQOq0s&t=110s,2,그는 가족과 시간을 보내고 싶어 해요.,He wants to spend time with his family.
205,K영어회화,Part 03,Unit 20,어휘력 패턴의 시작 want to ~하고 싶다,https://www.youtube.com/watch?v=8WcDnvQOq0s&t=110s,3,그녀는 쇼핑하러 가고 싶어 해요.,She wants to go shopping.
206,K영어회화,Part 03,Unit 20,어휘력 패턴의 시작 want to ~하고 싶다,https://www.youtube.com/watch?v=8WcDnvQOq0s&t=110s,4,우리는 영어를 유창하게 말하고 싶어요.,We want to speak English fluently.
207,K영어회화,Part 03,Unit 20,어휘력 패턴의 시작 want to ~하고 싶다,https://www.youtube.com/watch?v=8WcDnvQOq0s&t=110s,5,저는 좀 쉬고 싶어요.,I want to get some rest.
208,K영어회화,Part 03,Unit 20,어휘력 패턴의 시작 want to ~하고 싶다,https://www.youtube.com/watch?v=8WcDnvQOq0s&t=110s,6,저는 내일 일하고 싶지 않아요.,I don't want to work tomorrow.
209,K영어회화,Part 03,Unit 20,어휘력 패턴의 시작 want to ~하고 싶다,https://www.youtube.com/watch?v=8WcDnvQOq0s&t=110s,7,저는 그것에 대해 얘기하고 싶지 않아요.,I don't want to talk about it.
210,K영어회화,Part 03,Unit 20,어휘력 패턴의 시작 want to ~하고 싶다,https://www.youtube.com/watch?v=8WcDnvQOq0s&t=110s,8,저는 여기에 있고 싶지 않아요.,I don't want to be here.
211,K영어회화,Part 03,Unit 20,어휘력 패턴의 시작 want to ~하고 싶다,https://www.youtube.com/watch?v=8WcDnvQOq0s&t=110s,9,너 차 마시고 싶니?,Do you want to drink some tea?
212,K영어회화,Part 03,Unit 20,어휘력 패턴의 시작 want to ~하고 싶다,https://www.youtube.com/watch?v=8WcDnvQOq0s&t=110s,10,그녀는 외식하고 싶어 하나요?,Does she want to eat out?
213,K영어회화,Part 03,Unit 20,어휘력 패턴의 시작 want to ~하고 싶다,https://www.youtube.com/watch?v=8WcDnvQOq0s&t=110s,11,당신은 파스타를 먹고 싶나요?,Do you want to eat pasta?
214,K영어회화,Part 03,Unit 20,어휘력 패턴의 시작 want to ~하고 싶다,https://www.youtube.com/watch?v=8WcDnvQOq0s&t=110s,12,당신은 무슨 파스타를 먹고 싶나요?,What pasta do you want to eat?
215,K영어회화,Part 03,Unit 21,wanted to ~하고 싶었다,https://www.youtube.com/watch?v=8WcDnvQOq0s&t=110s,1,그녀는 외국에서 공부하고 싶었어요.,She wanted to study abroad.
216,K영어회화,Part 03,Unit 21,wanted to ~하고 싶었다,https://www.youtube.com/watch?v=8WcDnvQOq0s&t=110s,2,우리는 그녀를 만나고 싶었어요.,We wanted to meet her.
217,K영어회화,Part 03,Unit 21,wanted to ~하고 싶었다,https://www.youtube.com/watch?v=8WcDnvQOq0s&t=110s,3,그는 캠핑 하러 가고 싶었어요.,He wanted to go camping.
218,K영어회화,Part 03,Unit 21,wanted to ~하고 싶었다,https://www.youtube.com/watch?v=8WcDnvQOq0s&t=110s,4,제 부모님은 저와 시간을 보내고 싶어 하셨어요.,My parents wanted to spend time with me.
219,K영어회화,Part 03,Unit 21,wanted to ~하고 싶었다,https://www.youtube.com/watch?v=8WcDnvQOq0s&t=110s,5,나는 그것에 대해 생각하고 싶지 않았어요.,I didn't want to think about it.
220,K영어회화,Part 03,Unit 21,wanted to ~하고 싶었다,https://www.youtube.com/watch?v=8WcDnvQOq0s&t=110s,6,그는 매운 음식을 먹고 싶지 않았어요.,He didn't want to eat spicy food.
221,K영어회화,Part 03,Unit 21,wanted to ~하고 싶었다,https://www.youtube.com/watch?v=8WcDnvQOq0s&t=110s,7,제 친구들은 술을 마시고 싶지 않았어요.,My friends didn't want to drink.
222,K영어회화,Part 03,Unit 21,wanted to ~하고 싶었다,https://www.youtube.com/watch?v=8WcDnvQOq0s&t=110s,8,저희는 이사하고 싶지 않았어요.,We didn't want to move.
223,K영어회화,Part 03,Unit 21,wanted to ~하고 싶었다,https://www.youtube.com/watch?v=8WcDnvQOq0s&t=110s,9,그는 시간을 낭비하고 싶지 않았어요.,He didn't want to waste his time.
224,K영어회화,Part 03,Unit 21,wanted to ~하고 싶었다,https://www.youtube.com/watch?v=8WcDnvQOq0s&t=110s,10,저를 찾으셨나요?,Did you want to see me?
225,K영어회화,Part 03,Unit 21,wanted to ~하고 싶었다,https://www.youtube.com/watch?v=8WcDnvQOq0s&t=110s,11,그녀는 선생님이 되고 싶었나요?,Did she want to become a teacher?
226,K영어회화,Part 03,Unit 21,wanted to ~하고 싶었다,https://www.youtube.com/watch?v=8WcDnvQOq0s&t=110s,12,그녀는 왜 선생님이 되고 싶었나요?,Why did she want to become a teacher?
227,K영어회화,Part 03,Unit 22,육하원칙 + 의문문 (want to) 더 자세한 질문 만들기,https://www.youtube.com/watch?v=8WcDnvQOq0s&t=110s,1,A 너는 점심으로 무엇을 먹고 싶니? / B 나는 한식을 먹고 싶어.,What do you want to eat for lunch? / I want to eat Korean food.
228,K영어회화,Part 03,Unit 22,육하원칙 + 의문문 (want to) 더 자세한 질문 만들기,https://www.youtube.com/watch?v=8WcDnvQOq0s&t=110s,2,A 그녀는 이번에 어디를 여행하고 싶어 했나요? / B 그녀는 유럽 여행을 하고 싶어 했어요.,Where did she want to travel this time? / She wanted to travel to Europe.
229,K영어회화,Part 03,Unit 22,육하원칙 + 의문문 (want to) 더 자세한 질문 만들기,https://www.youtube.com/watch?v=8WcDnvQOq0s&t=110s,3,A 너는 왜 영어를 배우고 싶니? / B 왜냐하면 나는 미국에서 살고 싶거든.,Why do you want to learn English? / Because I want to live in America.
230,K영어회화,Part 03,Unit 22,육하원칙 + 의문문 (want to) 더 자세한 질문 만들기,https://www.youtube.com/watch?v=8WcDnvQOq0s&t=110s,4,A 누구랑 대화하고 싶으시죠? / B 저는 이곳 사장님과 대화하고 싶습니다.,Who do you want to speak to? / I want to speak to the boss here.
231,K영어회화,Part 03,Unit 22,육하원칙 + 의문문 (want to) 더 자세한 질문 만들기,https://www.youtube.com/watch?v=8WcDnvQOq0s&t=110s,5,A 어떻게 계산하시고 싶으신가요? / B 저는 신용카드로 결제하고 싶습니다.,How do you want to pay? / I want to pay it with my credit card.
232,K영어회화,Part 03,Unit 22,육하원칙 + 의문문 (want to) 더 자세한 질문 만들기,https://www.youtube.com/watch?v=8WcDnvQOq0s&t=110s,6,A 그들은 오늘 무엇을 하고 싶어 했었나요? / B 그들은 서울에 가고 싶어 했어요.,What did they want to do today? / They wanted to go to Seoul.
233,K영어회화,Part 03,Unit 23,like to / need to ~하는 것을 좋아해요 / ~하는 것이 필요해요,https://www.youtube.com/watch?v=8WcDnvQOq0s&t=110s,1,저는 친구들과 어울리는 것을 좋아해요.,I like to hang out with my friends.
234,K영어회화,Part 03,Unit 23,like to / need to ~하는 것을 좋아해요 / ~하는 것이 필요해요,https://www.youtube.com/watch?v=8WcDnvQOq0s&t=110s,2,그는 음악 듣는 것을 좋아해요.,He likes to listen to music.
235,K영어회화,Part 03,Unit 23,like to / need to ~하는 것을 좋아해요 / ~하는 것이 필요해요,https://www.youtube.com/watch?v=8WcDnvQOq0s&t=110s,3,저는 지금 그와 얘기할 필요가 있어요.,I need to talk to him now.
236,K영어회화,Part 03,Unit 23,like to / need to ~하는 것을 좋아해요 / ~하는 것이 필요해요,https://www.youtube.com/watch?v=8WcDnvQOq0s&t=110s,4,그녀는 다음 주에 서울에 갈 필요가 있어요.,She needs to go to Seoul next week.
237,K영어회화,Part 03,Unit 23,like to / need to ~하는 것을 좋아해요 / ~하는 것이 필요해요,https://www.youtube.com/watch?v=8WcDnvQOq0s&t=110s,5,사람들은 그것에 대해서 알아야 할 필요가 있어요.,People need to know about it.
238,K영어회화,Part 03,Unit 23,like to / need to ~하는 것을 좋아해요 / ~하는 것이 필요해요,https://www.youtube.com/watch?v=8WcDnvQOq0s&t=110s,6,그는 치과에 갈 필요가 있어요.,He needs to go to the dentist.
239,K영어회화,Part 03,Unit 23,like to / need to ~하는 것을 좋아해요 / ~하는 것이 필요해요,https://www.youtube.com/watch?v=8WcDnvQOq0s&t=110s,7,그는 야채 먹는 것을 좋아하지 않아요.,He does not like to eat vegetables.
240,K영어회화,Part 03,Unit 23,like to / need to ~하는 것을 좋아해요 / ~하는 것이 필요해요,https://www.youtube.com/watch?v=8WcDnvQOq0s&t=110s,8,저는 줄 서서 기다리는 것을 좋아하지 않아요.,I don't like to wait in line.
241,K영어회화,Part 03,Unit 23,like to / need to ~하는 것을 좋아해요 / ~하는 것이 필요해요,https://www.youtube.com/watch?v=8WcDnvQOq0s&t=110s,9,당신은 서두를 필요 없습니다.,You don't need to hurry.
242,K영어회화,Part 03,Unit 23,like to / need to ~하는 것을 좋아해요 / ~하는 것이 필요해요,https://www.youtube.com/watch?v=8WcDnvQOq0s&t=110s,10,그는 늦잠 자는 것을 좋아하나요?,Does he like to sleep in?
243,K영어회화,Part 03,Unit 23,like to / need to ~하는 것을 좋아해요 / ~하는 것이 필요해요,https://www.youtube.com/watch?v=8WcDnvQOq0s&t=110s,11,당신은 내일 일찍 일어날 필요가 있나요?,Do you need to get up early tomorrow?
244,K영어회화,Part 03,Unit 23,like to / need to ~하는 것을 좋아해요 / ~하는 것이 필요해요,https://www.youtube.com/watch?v=8WcDnvQOq0s&t=110s,12,당신은 내일 왜 일찍 일어날 필요가 있나요?,Why do you need to get up early tomorrow?
245,K영어회화,Part 03,Unit 24,want 누구 to 누가~하는 것을 원한다,https://www.youtube.com/watch?v=x2FJJIJsiDk&t=192s,1,나는 네가 말해주길 원해.,I want you to tell me.
246,K영어회화,Part 03,Unit 24,want 누구 to 누가~하는 것을 원한다,https://www.youtube.com/watch?v=x2FJJIJsiDk&t=192s,2,나는 그녀가 그를 만나길 원해.,I want her to meet him.
247,K영어회화,Part 03,Unit 24,want 누구 to 누가~하는 것을 원한다,https://www.youtube.com/watch?v=x2FJJIJsiDk&t=192s,3,우리는 네가 이 음식을 먹어보길 원해.,We want you to try this food.
248,K영어회화,Part 03,Unit 24,want 누구 to 누가~하는 것을 원한다,https://www.youtube.com/watch?v=x2FJJIJsiDk&t=192s,4,나는 네가 시간 낭비하는 것을 원하지 않아.,I don't want you to waste your time.
249,K영어회화,Part 03,Unit 24,want 누구 to 누가~하는 것을 원한다,https://www.youtube.com/watch?v=x2FJJIJsiDk&t=192s,5,저희는 당신이 늦게 일하는 것을 원하지 않아요.,We don't want you to work late.
250,K영어회화,Part 03,Unit 24,want 누구 to 누가~하는 것을 원한다,https://www.youtube.com/watch?v=x2FJJIJsiDk&t=192s,6,제 아버지는 제가 지금 새 차를 사는 것을 원하지 않아요.,My dad doesn't want me to get a new car now.
251,K영어회화,Part 03,Unit 24,want 누구 to 누가~하는 것을 원한다,https://www.youtube.com/watch?v=x2FJJIJsiDk&t=192s,7,당신의 의사는 당신이 운동하기를 원하나요?,Does your doctor want you to exercise?
252,K영어회화,Part 03,Unit 24,want 누구 to 누가~하는 것을 원한다,https://www.youtube.com/watch?v=x2FJJIJsiDk&t=192s,8,오늘 밤 당신이 우리를 도와주는 것이 필요해요.,We need you to help us tonight.
253,K영어회화,Part 03,Unit 24,want 누구 to 누가~하는 것을 원한다,https://www.youtube.com/watch?v=x2FJJIJsiDk&t=192s,9,나는 네가 조용해 주는 것이 필요해 (조용해 주길 바라).,I need you to be quiet.
254,K영어회화,Part 03,Unit 24,want 누구 to 누가~하는 것을 원한다,https://www.youtube.com/watch?v=x2FJJIJsiDk&t=192s,10,나는 네가 내 월세를 내주는 것이 필요하지 않아.,I don't need you to pay for my rent.
255,K영어회화,Part 03,Unit 24,want 누구 to 누가~하는 것을 원한다,https://www.youtube.com/watch?v=x2FJJIJsiDk&t=192s,11,그녀는 제가 전화해 주는 것이 필요한가요?,Does she need me to call her?
256,K영어회화,Part 03,Unit 24,want 누구 to 누가~하는 것을 원한다,https://www.youtube.com/watch?v=x2FJJIJsiDk&t=192s,12,그녀는 제가 언제 전화해 주는 것이 필요한가요?,When does she need me to call her?
257,K영어회화,Part 03,Unit 25,It takes (시간이)~걸리다,https://www.youtube.com/watch?v=g1hQbV8mzME,1,2시간 30분 걸립니다.,It takes 2 hours and 30 minutes.
258,K영어회화,Part 03,Unit 25,It takes (시간이)~걸리다,https://www.youtube.com/watch?v=g1hQbV8mzME,2,5시간 걸렸어요.,It took 5 hours.
259,K영어회화,Part 03,Unit 25,It takes (시간이)~걸리다,https://www.youtube.com/watch?v=g1hQbV8mzME,3,일주일 걸릴 거예요.,It will take a week.
260,K영어회화,Part 03,Unit 25,It takes (시간이)~걸리다,https://www.youtube.com/watch?v=g1hQbV8mzME,4,30분 안 걸려요.,It doesn't take 30 minutes.
261,K영어회화,Part 03,Unit 25,It takes (시간이)~걸리다,https://www.youtube.com/watch?v=g1hQbV8mzME,5,3시간이 안 걸렸어요.,It didn't take 3 hours.
262,K영어회화,Part 03,Unit 25,It takes (시간이)~걸리다,https://www.youtube.com/watch?v=g1hQbV8mzME,6,그는 그 프로젝트를 끝내는 데 5일이 걸렸다.,It took him 5 days to finish the project.
263,K영어회화,Part 03,Unit 25,It takes (시간이)~걸리다,https://www.youtube.com/watch?v=g1hQbV8mzME,7,비행기로 5시간 걸려요.,It takes 5 hours by plane.
264,K영어회화,Part 03,Unit 25,It takes (시간이)~걸리다,https://www.youtube.com/watch?v=g1hQbV8mzME,8,오래 걸리나요?,Does it take a long time?
265,K영어회화,Part 03,Unit 25,It takes (시간이)~걸리다,https://www.youtube.com/watch?v=g1hQbV8mzME,9,거기 가려면 얼마나 걸리죠?,How long does it take to get there?
266,K영어회화,Part 03,Unit 25,It takes (시간이)~걸리다,https://www.youtube.com/watch?v=g1hQbV8mzME,10,거기까지 가는 데 40분이 걸려요.,It takes 40 minutes to get there.
267,K영어회화,Part 03,Unit 25,It takes (시간이)~걸리다,https://www.youtube.com/watch?v=g1hQbV8mzME,11,LA에서 뉴욕까지 얼마나 걸렸어요?,How long did it take from L.A. to New York?
268,K영어회화,Part 03,Unit 25,It takes (시간이)~걸리다,https://www.youtube.com/watch?v=g1hQbV8mzME,12,LA에서 뉴욕까지 5시간 걸렸어요.,It took 5 hours from L.A. to New York.
269,K영어회화,Part 03,Unit 26,When ~할 때 / ~일 때 긴 문장 만들기,https://www.youtube.com/watch?v=Z-gwYs4A1vI&t=405s,1,그가 언제 올지 아시나요?,Do you know when he will come?
270,K영어회화,Part 03,Unit 26,When ~할 때 / ~일 때 긴 문장 만들기,https://www.youtube.com/watch?v=Z-gwYs4A1vI&t=405s,2,나갈 때 문 닫아줘.,Close the door when you leave.
271,K영어회화,Part 03,Unit 26,When ~할 때 / ~일 때 긴 문장 만들기,https://www.youtube.com/watch?v=Z-gwYs4A1vI&t=405s,3,시간 있을 때 전화해 줄 수 있어?,Can you call me when you have time?
272,K영어회화,Part 03,Unit 26,When ~할 때 / ~일 때 긴 문장 만들기,https://www.youtube.com/watch?v=Z-gwYs4A1vI&t=405s,4,그들은 젊었을 때 결혼했다.,They got married when they were young.
273,K영어회화,Part 03,Unit 26,When ~할 때 / ~일 때 긴 문장 만들기,https://www.youtube.com/watch?v=Z-gwYs4A1vI&t=405s,5,내가 집에 도착하면 너에게 전화할게.,I will call you back when I get home.
274,K영어회화,Part 03,Unit 26,When ~할 때 / ~일 때 긴 문장 만들기,https://www.youtube.com/watch?v=Z-gwYs4A1vI&t=405s,6,그 소식을 들었을 때 나는 정말 놀랐어.,I was very surprised when I heard the news.
275,K영어회화,Part 03,Unit 26,When ~할 때 / ~일 때 긴 문장 만들기,https://www.youtube.com/watch?v=Z-gwYs4A1vI&t=405s,7,우리 내일 만나면 뭐 먹을래?,What do you want to eat when we meet tomorrow?
276,K영어회화,Part 03,Unit 26,When ~할 때 / ~일 때 긴 문장 만들기,https://www.youtube.com/watch?v=Z-gwYs4A1vI&t=405s,8,운전할 때는 조심할 필요가 있어.,You need to be careful when you drive a car.
277,K영어회화,Part 03,Unit 26,When ~할 때 / ~일 때 긴 문장 만들기,https://www.youtube.com/watch?v=Z-gwYs4A1vI&t=405s,9,네가 여행할 때 내가 너희 강아지를 돌봐줄게.,I will look after your dog when you travel.
278,K영어회화,Part 03,Unit 26,When ~할 때 / ~일 때 긴 문장 만들기,https://www.youtube.com/watch?v=Z-gwYs4A1vI&t=405s,10,그는 날 봤을 때 손을 흔들어 줬다.,He waved when he saw me.
279,K영어회화,Part 03,Unit 26,When ~할 때 / ~일 때 긴 문장 만들기,https://www.youtube.com/watch?v=Z-gwYs4A1vI&t=405s,11,그가 잘 때는 어떤 것도 그를 깨울 수 없다.,"When he sleeps, nothing can wake him up."
280,K영어회화,Part 03,Unit 26,When ~할 때 / ~일 때 긴 문장 만들기,https://www.youtube.com/watch?v=Z-gwYs4A1vI&t=405s,12,그들은 영화를 볼 때 팝콘을 먹어요.,"When they watch movies, they eat popcorn."
281,K영어회화,Part 03,Unit 27,be going to ~할 것이다 (어휘력 패턴도 be동사 패턴이 있다!),https://www.youtube.com/watch?v=tCzos6qK43o,1,나 내일 하루 휴가 낼 거야.,I am going to take a day off tomorrow.
282,K영어회화,Part 03,Unit 27,be going to ~할 것이다 (어휘력 패턴도 be동사 패턴이 있다!),https://www.youtube.com/watch?v=tCzos6qK43o,2,우리는 오늘 밤 나가지 않을 거예요.,We are not going to go out tonight.
283,K영어회화,Part 03,Unit 27,be going to ~할 것이다 (어휘력 패턴도 be동사 패턴이 있다!),https://www.youtube.com/watch?v=tCzos6qK43o,3,그들은 다음 달에 은퇴할 거예요.,They are going to retire next month.
284,K영어회화,Part 03,Unit 27,be going to ~할 것이다 (어휘력 패턴도 be동사 패턴이 있다!),https://www.youtube.com/watch?v=tCzos6qK43o,4,내일은 비가 올 거야.,It is going to rain tomorrow.
285,K영어회화,Part 03,Unit 27,be going to ~할 것이다 (어휘력 패턴도 be동사 패턴이 있다!),https://www.youtube.com/watch?v=tCzos6qK43o,5,나는 저녁 식사 후 아무것도 먹지 않을 거야.,I am not going to eat anything after dinner.
286,K영어회화,Part 03,Unit 27,be going to ~할 것이다 (어휘력 패턴도 be동사 패턴이 있다!),https://www.youtube.com/watch?v=tCzos6qK43o,6,넌 이것을(이 말을) 믿지 않을 거야.,You are not going to believe this.
287,K영어회화,Part 03,Unit 27,be going to ~할 것이다 (어휘력 패턴도 be동사 패턴이 있다!),https://www.youtube.com/watch?v=tCzos6qK43o,7,우리는 늦지 않을 거예요.,We are not going to be late.
288,K영어회화,Part 03,Unit 27,be going to ~할 것이다 (어휘력 패턴도 be동사 패턴이 있다!),https://www.youtube.com/watch?v=tCzos6qK43o,8,그런 일은 생기지 않을 거예요.,It is not going to happen.
289,K영어회화,Part 03,Unit 27,be going to ~할 것이다 (어휘력 패턴도 be동사 패턴이 있다!),https://www.youtube.com/watch?v=tCzos6qK43o,9,너는 직장을 구할 거니?,Are you going to look for a job?
290,K영어회화,Part 03,Unit 27,be going to ~할 것이다 (어휘력 패턴도 be동사 패턴이 있다!),https://www.youtube.com/watch?v=tCzos6qK43o,10,우리는 어디로 캠핑하러 갈 건가요?,Where are we going to go camping?
291,K영어회화,Part 03,Unit 27,be going to ~할 것이다 (어휘력 패턴도 be동사 패턴이 있다!),https://www.youtube.com/watch?v=tCzos6qK43o,11,그녀는 우리와 함께 할 건가요?,Is she going to join us?
292,K영어회화,Part 03,Unit 27,be going to ~할 것이다 (어휘력 패턴도 be동사 패턴이 있다!),https://www.youtube.com/watch?v=tCzos6qK43o,12,너는 언제 그녀와 결혼할 거야?,When are you going to marry her?
293,K영어회화,Part 03,Unit 28,was/were going to ~할 거였다,https://www.youtube.com/watch?v=tCzos6qK43o,1,나는 그에게 전화할 거였다.,I was going to call him.
294,K영어회화,Part 03,Unit 28,was/were going to ~할 거였다,https://www.youtube.com/watch?v=tCzos6qK43o,2,그녀는 카페에서 브런치를 먹을 거였다.,She was going to eat brunch at a cafe.
295,K영어회화,Part 03,Unit 28,was/were going to ~할 거였다,https://www.youtube.com/watch?v=tCzos6qK43o,3,우리는 저녁으로 피자를 만들 거였다.,We were going to make pizza for dinner.
296,K영어회화,Part 03,Unit 28,was/were going to ~할 거였다,https://www.youtube.com/watch?v=tCzos6qK43o,4,그들은 또다시 집을 페인트칠할 거였다.,They were going to paint the house again.
297,K영어회화,Part 03,Unit 28,was/were going to ~할 거였다,https://www.youtube.com/watch?v=tCzos6qK43o,5,오늘은 눈이 오지 않을 거였어요.,It wasn't going to snow today.
298,K영어회화,Part 03,Unit 28,was/were going to ~할 거였다,https://www.youtube.com/watch?v=tCzos6qK43o,6,그는 너를 기다려주지 않을 거였어.,He was not going to wait for you.
299,K영어회화,Part 03,Unit 28,was/were going to ~할 거였다,https://www.youtube.com/watch?v=tCzos6qK43o,7,저는 새 휴대폰을 사지 않을 거였어요.,I wasn't going to buy a new phone.
300,K영어회화,Part 03,Unit 28,was/were going to ~할 거였다,https://www.youtube.com/watch?v=tCzos6qK43o,8,우리는 그를 용서하지 않을 거였어요.,We were not going to forgive him.
301,K영어회화,Part 03,Unit 28,was/were going to ~할 거였다,https://www.youtube.com/watch?v=tCzos6qK43o,9,그들은 우리를 파티에 초대할 거였나요?,Were they going to invite us to their party?
302,K영어회화,Part 03,Unit 28,was/were going to ~할 거였다,https://www.youtube.com/watch?v=tCzos6qK43o,10,너는 그것을 나에게 말할 거였니?,Were you going to tell me about it?
303,K영어회화,Part 03,Unit 28,was/were going to ~할 거였다,https://www.youtube.com/watch?v=tCzos6qK43o,11,그녀는 누구와 식당을 개업할 거였나요?,Who was she going to open a restaurant with?
304,K영어회화,Part 03,Unit 28,was/were going to ~할 거였다,https://www.youtube.com/watch?v=tCzos6qK43o,12,너는 이번에 어디로 여행을 갈 거였니?,Where were you going to travel this time?
305,K영어회화,Part 03,Unit 29,be able to ~하는 것이 가능하다,https://www.youtube.com/watch?v=0q8_jW7Ef8s,1,저는 이제 차를 운전하는 게 가능해요.,I am able to drive a car now.
306,K영어회화,Part 03,Unit 29,be able to ~하는 것이 가능하다,https://www.youtube.com/watch?v=0q8_jW7Ef8s,2,우리는 지금 당신을 태우러 갈 수 있어요.,We are able to pick you up now.
307,K영어회화,Part 03,Unit 29,be able to ~하는 것이 가능하다,https://www.youtube.com/watch?v=0q8_jW7Ef8s,3,저는 한국어와 영어를 할 수 있어요.,I am able to speak Korean and English.
308,K영어회화,Part 03,Unit 29,be able to ~하는 것이 가능하다,https://www.youtube.com/watch?v=0q8_jW7Ef8s,4,그들은 내일 일하는 게 가능해요.,They are able to work tomorrow.
309,K영어회화,Part 03,Unit 29,be able to ~하는 것이 가능하다,https://www.youtube.com/watch?v=0q8_jW7Ef8s,5,우리 금요일에 만날 수 있나요?,Are we able to meet on Friday?
310,K영어회화,Part 03,Unit 29,be able to ~하는 것이 가능하다,https://www.youtube.com/watch?v=0q8_jW7Ef8s,6,당신은 이 문제를 풀 수 있나요?,Are you able to solve this problem?
311,K영어회화,Part 03,Unit 29,be able to ~하는 것이 가능하다,https://www.youtube.com/watch?v=0q8_jW7Ef8s,7,그는 저희를 도와줄 수 있나요?,Is he able to help us?
312,K영어회화,Part 03,Unit 29,be able to ~하는 것이 가능하다,https://www.youtube.com/watch?v=0q8_jW7Ef8s,8,그는 언제 저희를 도와줄 수 있나요?,When is he able to help us?
313,K영어회화,Part 03,Unit 29,be able to ~하는 것이 가능하다,https://www.youtube.com/watch?v=0q8_jW7Ef8s,9,그녀는 오늘 저희와 함께 할 수 없어요.,She is not able to be with us today.
314,K영어회화,Part 03,Unit 29,be able to ~하는 것이 가능하다,https://www.youtube.com/watch?v=0q8_jW7Ef8s,10,그는 수영하는 게 가능하지 않아요.,He is not able to swim.
315,K영어회화,Part 03,Unit 29,be able to ~하는 것이 가능하다,https://www.youtube.com/watch?v=0q8_jW7Ef8s,11,저는 더 이상 신용카드를 사용할 수 없어요.,I am not able to use my credit card anymore.
316,K영어회화,Part 03,Unit 29,be able to ~하는 것이 가능하다,https://www.youtube.com/watch?v=0q8_jW7Ef8s,12,우리는 그 질문에 대답할 수 없습니다.,We are not able to answer the question.
317,K영어회화,Part 03,Unit 30,be able to 시제별 응용 표현하기,https://www.youtube.com/watch?v=0q8_jW7Ef8s,1,저는 그것을 해낼 수 있었어요.,I was able to pull it off.
318,K영어회화,Part 03,Unit 30,be able to 시제별 응용 표현하기,https://www.youtube.com/watch?v=0q8_jW7Ef8s,2,그녀는 새로운 직업을 구할 수 있었어요.,She was able to get a new job.
319,K영어회화,Part 03,Unit 30,be able to 시제별 응용 표현하기,https://www.youtube.com/watch?v=0q8_jW7Ef8s,3,우리는 그들을 설득할 수 있었어요.,We were able to convince them.
320,K영어회화,Part 03,Unit 30,be able to 시제별 응용 표현하기,https://www.youtube.com/watch?v=0q8_jW7Ef8s,4,그는 어젯밤에 잠을 잘 잘 수 없었다.,He was not able to sleep well last night.
321,K영어회화,Part 03,Unit 30,be able to 시제별 응용 표현하기,https://www.youtube.com/watch?v=0q8_jW7Ef8s,5,나는 그곳에 차를 주차할 수 없었다.,I was not able to park my car there.
322,K영어회화,Part 03,Unit 30,be able to 시제별 응용 표현하기,https://www.youtube.com/watch?v=0q8_jW7Ef8s,6,그녀는 일을 일찍 끝내는 것이 가능했나요?,Was she able to finish her work early?
323,K영어회화,Part 03,Unit 30,be able to 시제별 응용 표현하기,https://www.youtube.com/watch?v=0q8_jW7Ef8s,7,너는 제시간에 도착할 수 있었니?,Were you able to arrive on time?
324,K영어회화,Part 03,Unit 30,be able to 시제별 응용 표현하기,https://www.youtube.com/watch?v=0q8_jW7Ef8s,8,나는 이번 달에 돈을 더 벌 수 있었어요.,I was able to make more money this month.
325,K영어회화,Part 03,Unit 30,be able to 시제별 응용 표현하기,https://www.youtube.com/watch?v=0q8_jW7Ef8s,9,우리는 그들과 연락하고 지낼 수 있었어요.,We were able to keep in touch with them.
326,K영어회화,Part 03,Unit 30,be able to 시제별 응용 표현하기,https://www.youtube.com/watch?v=0q8_jW7Ef8s,10,그는 5분 안에 준비할 수 있을 거예요.,He will be able to get ready in 5 minutes.
327,K영어회화,Part 03,Unit 30,be able to 시제별 응용 표현하기,https://www.youtube.com/watch?v=0q8_jW7Ef8s,11,퇴근 후 저를 태워다 주실 수 있나요?,Will you be able to give me a ride after work?
328,K영어회화,Part 03,Unit 30,be able to 시제별 응용 표현하기,https://www.youtube.com/watch?v=0q8_jW7Ef8s,12,제가 언제 환불받을 수 있을까요?,When will I be able to get a refund?
329,K영어회화,Part 03,Unit 31,before & after ~하기 전에 / ~한 후에 긴 문장 만들기,https://www.youtube.com/watch?v=Z-gwYs4A1vI&t=405s,1,저는 운동 후에 샤워해요.,I take a shower after I work out.
330,K영어회화,Part 03,Unit 31,before & after ~하기 전에 / ~한 후에 긴 문장 만들기,https://www.youtube.com/watch?v=Z-gwYs4A1vI&t=405s,2,그녀는 대학 졸업 후 취직했어요.,She got a job after she graduated from college.
331,K영어회화,Part 03,Unit 31,before & after ~하기 전에 / ~한 후에 긴 문장 만들기,https://www.youtube.com/watch?v=Z-gwYs4A1vI&t=405s,3,퇴근 후 같이 저녁 드실래요?,Do you want to have dinner together after work?
332,K영어회화,Part 03,Unit 31,before & after ~하기 전에 / ~한 후에 긴 문장 만들기,https://www.youtube.com/watch?v=Z-gwYs4A1vI&t=405s,4,그는 식사를 다 하고 설거지를 할 거예요.,He will do the dishes after he finishes his meal.
333,K영어회화,Part 03,Unit 31,before & after ~하기 전에 / ~한 후에 긴 문장 만들기,https://www.youtube.com/watch?v=Z-gwYs4A1vI&t=405s,5,나는 친구들이 떠나면 청소기를 돌릴 거야.,I am going to vacuum my house after my friends leave.
334,K영어회화,Part 03,Unit 31,before & after ~하기 전에 / ~한 후에 긴 문장 만들기,https://www.youtube.com/watch?v=Z-gwYs4A1vI&t=405s,6,영화 끝나고 뭐하고 싶어?,What do you want to do after the movie?
335,K영어회화,Part 03,Unit 31,before & after ~하기 전에 / ~한 후에 긴 문장 만들기,https://www.youtube.com/watch?v=Z-gwYs4A1vI&t=405s,7,그는 당신이 전화하기 전에 사무실을 떠났어요.,He left the office before you called.
336,K영어회화,Part 03,Unit 31,before & after ~하기 전에 / ~한 후에 긴 문장 만들기,https://www.youtube.com/watch?v=Z-gwYs4A1vI&t=405s,8,저는 그녀가 집에 오기 전에 잠들었어요.,I fell asleep before she came home.
337,K영어회화,Part 03,Unit 31,before & after ~하기 전에 / ~한 후에 긴 문장 만들기,https://www.youtube.com/watch?v=Z-gwYs4A1vI&t=405s,9,우리 여행 전에 무엇을 사야 할까?,What do we need to buy before the trip?
338,K영어회화,Part 03,Unit 31,before & after ~하기 전에 / ~한 후에 긴 문장 만들기,https://www.youtube.com/watch?v=Z-gwYs4A1vI&t=405s,10,네가 여기 오기 전에 여분의 재킷을 가져다줄 수 있니?,Can you bring me an extra jacket before you come here?
339,K영어회화,Part 03,Unit 31,before & after ~하기 전에 / ~한 후에 긴 문장 만들기,https://www.youtube.com/watch?v=Z-gwYs4A1vI&t=405s,11,저는 잠자러 가기 전에 TV 끄는 것을 깜빡했어요.,I forgot to turn off the TV before I went to bed.
340,K영어회화,Part 03,Unit 31,before & after ~하기 전에 / ~한 후에 긴 문장 만들기,https://www.youtube.com/watch?v=Z-gwYs4A1vI&t=405s,12,저는 면접 전에 긴장이 돼요.,I get nervous before an interview.
341,K영어회화,Part 03,Unit 32,have to ~을 해야 한다,https://www.youtube.com/watch?v=kd4ddhtJo34,1,나는 내일 일찍 일어나야 해요.,I have to get up early tomorrow.
342,K영어회화,Part 03,Unit 32,have to ~을 해야 한다,https://www.youtube.com/watch?v=kd4ddhtJo34,2,너는 너 자신을 믿어야 해.,You have to believe in yourself.
343,K영어회화,Part 03,Unit 32,have to ~을 해야 한다,https://www.youtube.com/watch?v=kd4ddhtJo34,3,그들은 잠시 사무실에 들러야 해요.,They have to stop by the office.
344,K영어회화,Part 03,Unit 32,have to ~을 해야 한다,https://www.youtube.com/watch?v=kd4ddhtJo34,4,그녀는 식물들에 물을 줘야 해요.,She has to water her plants.
345,K영어회화,Part 03,Unit 32,have to ~을 해야 한다,https://www.youtube.com/watch?v=kd4ddhtJo34,5,우리는 다이어트를 해야 해요.,We have to go on a diet.
346,K영어회화,Part 03,Unit 32,have to ~을 해야 한다,https://www.youtube.com/watch?v=kd4ddhtJo34,6,저를 기다리지 않으셔도 됩니다.,You don't have to wait for me.
347,K영어회화,Part 03,Unit 32,have to ~을 해야 한다,https://www.youtube.com/watch?v=kd4ddhtJo34,7,그는 오늘 일하러 가지 않아도 됩니다.,He does not have to go to work today.
348,K영어회화,Part 03,Unit 32,have to ~을 해야 한다,https://www.youtube.com/watch?v=kd4ddhtJo34,8,당신은 그 질문에 대답하지 않아도 됩니다.,You don't have to answer that question.
349,K영어회화,Part 03,Unit 32,have to ~을 해야 한다,https://www.youtube.com/watch?v=kd4ddhtJo34,9,사람들은 더 이상 지갑을 가지고 다니지 않아도 돼요.,People don't have to carry their wallets anymore.
350,K영어회화,Part 03,Unit 32,have to ~을 해야 한다,https://www.youtube.com/watch?v=kd4ddhtJo34,10,저희는 직장에서 유니폼을 입어야 하나요?,Do we have to wear uniforms at work?
351,K영어회화,Part 03,Unit 32,have to ~을 해야 한다,https://www.youtube.com/watch?v=kd4ddhtJo34,11,너는 왜 이것을 사야 하니?,Why do you have to buy this?
352,K영어회화,Part 03,Unit 32,have to ~을 해야 한다,https://www.youtube.com/watch?v=kd4ddhtJo34,12,제가 왜 그것을 해야 하죠?,Why do I have to do that?
353,K영어회화,Part 03,Unit 33,had to ~을 해야 했다,https://www.youtube.com/watch?v=kd4ddhtJo34,1,저는 그와 얘기해야 했어요.,I had to talk to him.
354,K영어회화,Part 03,Unit 33,had to ~을 해야 했다,https://www.youtube.com/watch?v=kd4ddhtJo34,2,우리는 그 질문을 해야 했어요.,We had to ask that question.
355,K영어회화,Part 03,Unit 33,had to ~을 해야 했다,https://www.youtube.com/watch?v=kd4ddhtJo34,3,그는 멈춰야만 했어요.,He had to stop.
356,K영어회화,Part 03,Unit 33,had to ~을 해야 했다,https://www.youtube.com/watch?v=kd4ddhtJo34,4,저는 그곳에 있어야만 했어요.,I had to be there.
357,K영어회화,Part 03,Unit 33,had to ~을 해야 했다,https://www.youtube.com/watch?v=kd4ddhtJo34,5,우리는 곧 돌아와야 했어요.,We had to get back soon.
358,K영어회화,Part 03,Unit 33,had to ~을 해야 했다,https://www.youtube.com/watch?v=kd4ddhtJo34,6,그녀는 최대한 빨리 그곳에 도착해야 했어요.,She had to get there as soon as possible.
359,K영어회화,Part 03,Unit 33,had to ~을 해야 했다,https://www.youtube.com/watch?v=kd4ddhtJo34,7,너는 그걸 해야만 했니?,Did you have to do that?
360,K영어회화,Part 03,Unit 33,had to ~을 해야 했다,https://www.youtube.com/watch?v=kd4ddhtJo34,8,그녀는 그곳에 가야만 했나요?,Did she have to go there?
361,K영어회화,Part 03,Unit 33,had to ~을 해야 했다,https://www.youtube.com/watch?v=kd4ddhtJo34,9,그는 누구와 출장을 가야만 했나요?,Who did he have to go on a business trip with?
362,K영어회화,Part 03,Unit 33,had to ~을 해야 했다,https://www.youtube.com/watch?v=kd4ddhtJo34,10,그는 오늘 버스를 타지 않아도 됐어요.,He did not have to take the bus today.
363,K영어회화,Part 03,Unit 33,had to ~을 해야 했다,https://www.youtube.com/watch?v=kd4ddhtJo34,11,저는 그것을 그녀에게 설명하지 않아도 됐어요.,I didn't have to explain it to her.
364,K영어회화,Part 03,Unit 33,had to ~을 해야 했다,https://www.youtube.com/watch?v=kd4ddhtJo34,12,그녀는 그 말을 해야 했나요?,Did she have to say that?
365,K영어회화,Part 03,Unit 34,should ~해야 한다,https://www.youtube.com/watch?v=_shYoQhDFM0,1,나는 오늘 집에 있는 게 좋겠어.,I should stay home today.
366,K영어회화,Part 03,Unit 34,should ~해야 한다,https://www.youtube.com/watch?v=_shYoQhDFM0,2,너 자야 할 것 같아.,You should sleep.
367,K영어회화,Part 03,Unit 34,should ~해야 한다,https://www.youtube.com/watch?v=_shYoQhDFM0,3,그는 집에 가서 쉬어야 해요.,He should go home and rest.
368,K영어회화,Part 03,Unit 34,should ~해야 한다,https://www.youtube.com/watch?v=_shYoQhDFM0,4,너는 그녀의 말을 들어야 해.,You should listen to her.
369,K영어회화,Part 03,Unit 34,should ~해야 한다,https://www.youtube.com/watch?v=_shYoQhDFM0,5,그들은 야채를 더 먹어야 해요.,They should eat more vegetables.
370,K영어회화,Part 03,Unit 34,should ~해야 한다,https://www.youtube.com/watch?v=_shYoQhDFM0,6,우리는 12시까지 거기에 가야 해요.,We should be there by 12 p.m.
371,K영어회화,Part 03,Unit 34,should ~해야 한다,https://www.youtube.com/watch?v=_shYoQhDFM0,7,우리는 만약을 위해서 식당에 먼저 전화해 보는 게 좋겠어요.,We should call the restaurant first just in case.
372,K영어회화,Part 03,Unit 34,should ~해야 한다,https://www.youtube.com/watch?v=_shYoQhDFM0,8,그녀는 돈을 너무 많이 쓰면 안 된다.,She should not spend too much money.
373,K영어회화,Part 03,Unit 34,should ~해야 한다,https://www.youtube.com/watch?v=_shYoQhDFM0,9,우리는 밤늦게 음식을 먹으면 안 돼.,We shouldn't eat late at night.
374,K영어회화,Part 03,Unit 34,should ~해야 한다,https://www.youtube.com/watch?v=_shYoQhDFM0,10,이곳에 계시면 안 됩니다.,You shouldn't be here.
375,K영어회화,Part 03,Unit 34,should ~해야 한다,https://www.youtube.com/watch?v=_shYoQhDFM0,11,무거운 것을 들면 안 돼요.,You should not lift heavy weights.
376,K영어회화,Part 03,Unit 34,should ~해야 한다,https://www.youtube.com/watch?v=_shYoQhDFM0,12,그들은 그것을 미루면 안 된다.,They shouldn't put it off.
377,K영어회화,Part 03,Unit 35,should 의문문 조언 또는 의견 구하기,https://www.youtube.com/watch?v=_shYoQhDFM0,1,제가 거기에 가는 게 좋을까요?,Should I go there?
378,K영어회화,Part 03,Unit 35,should 의문문 조언 또는 의견 구하기,https://www.youtube.com/watch?v=_shYoQhDFM0,2,우리가 그에게 한 번 더 기회를 줘야 할까요?,Should we give him one more chance?
379,K영어회화,Part 03,Unit 35,should 의문문 조언 또는 의견 구하기,https://www.youtube.com/watch?v=_shYoQhDFM0,3,그가 직업을 바꿔야 할까요?,Should he change his career?
380,K영어회화,Part 03,Unit 35,should 의문문 조언 또는 의견 구하기,https://www.youtube.com/watch?v=_shYoQhDFM0,4,우리가 새로운 냉장고를 사야 할까?,Should we buy a new refrigerator?
381,K영어회화,Part 03,Unit 35,should 의문문 조언 또는 의견 구하기,https://www.youtube.com/watch?v=_shYoQhDFM0,5,제가 예약을 먼저 해야 할까요?,Should I make an appointment first?
382,K영어회화,Part 03,Unit 35,should 의문문 조언 또는 의견 구하기,https://www.youtube.com/watch?v=_shYoQhDFM0,6,제가 언제 다시 전화를 드려야 할까요?,When should I call you back?
383,K영어회화,Part 03,Unit 35,should 의문문 조언 또는 의견 구하기,https://www.youtube.com/watch?v=_shYoQhDFM0,7,우리 점심 먹으러 어디로 가는 게 좋을까?,Where should we go for lunch?
384,K영어회화,Part 03,Unit 35,should 의문문 조언 또는 의견 구하기,https://www.youtube.com/watch?v=_shYoQhDFM0,8,나 뭐 먹을까?,What should I eat?
385,K영어회화,Part 03,Unit 35,should 의문문 조언 또는 의견 구하기,https://www.youtube.com/watch?v=_shYoQhDFM0,9,우리 오늘 밤에 뭐 할까?,What should we do tonight?
386,K영어회화,Part 03,Unit 35,should 의문문 조언 또는 의견 구하기,https://www.youtube.com/watch?v=_shYoQhDFM0,10,제가 누구한테 물어봐야 하나요?,Who should I ask?
387,K영어회화,Part 03,Unit 35,should 의문문 조언 또는 의견 구하기,https://www.youtube.com/watch?v=_shYoQhDFM0,11,저희 언제 만나는 게 좋을까요?,When should we meet?
388,K영어회화,Part 03,Unit 35,should 의문문 조언 또는 의견 구하기,https://www.youtube.com/watch?v=_shYoQhDFM0,12,제가 왜 그것을 해야 하죠?,Why should I do that?
389,K영어회화,Part 03,Unit 36,might ~할지도 모른다,https://www.youtube.com/watch?v=_shYoQhDFM0,1,저는 시간이 더 필요할지도 몰라요.,I might need more time.
390,K영어회화,Part 03,Unit 36,might ~할지도 모른다,https://www.youtube.com/watch?v=_shYoQhDFM0,2,그녀는 너의 도움이 필요할지도 몰라.,She might need your help.
391,K영어회화,Part 03,Unit 36,might ~할지도 모른다,https://www.youtube.com/watch?v=_shYoQhDFM0,3,저는 그곳에 가지 않을지도 몰라요.,I might not go there.
392,K영어회화,Part 03,Unit 36,might ~할지도 모른다,https://www.youtube.com/watch?v=_shYoQhDFM0,4,그녀는 그것을 좋아할지도 몰라요.,She might like it.
393,K영어회화,Part 03,Unit 36,might ~할지도 모른다,https://www.youtube.com/watch?v=_shYoQhDFM0,5,우리는 뭔가 먹을 것을 살지도 몰라요.,We might get something to eat.
394,K영어회화,Part 03,Unit 36,might ~할지도 모른다,https://www.youtube.com/watch?v=_shYoQhDFM0,6,내가 몇 분 늦을지도 몰라.,I might be a few minutes late.
395,K영어회화,Part 03,Unit 36,might ~할지도 모른다,https://www.youtube.com/watch?v=_shYoQhDFM0,7,그들은 오늘 밤 집에 일찍 오지도 몰라요.,They might come home early tonight.
396,K영어회화,Part 03,Unit 36,might ~할지도 모른다,https://www.youtube.com/watch?v=_shYoQhDFM0,8,그는 더 이상 그곳에서 일하지 않을지도 몰라요.,He might not work there anymore.
397,K영어회화,Part 03,Unit 36,might ~할지도 모른다,https://www.youtube.com/watch?v=_shYoQhDFM0,9,그녀는 지금 전화를 받지 않을지도 몰라요.,She might not answer the phone now.
398,K영어회화,Part 03,Unit 36,might ~할지도 모른다,https://www.youtube.com/watch?v=_shYoQhDFM0,10,그들은 오래 걸릴지도 몰라요.,They might take a long time.
399,K영어회화,Part 03,Unit 36,might ~할지도 모른다,https://www.youtube.com/watch?v=_shYoQhDFM0,11,그가 그것에 관심이 있을지도 몰라요.,He might be interested in it.
400,K영어회화,Part 03,Unit 36,might ~할지도 모른다,https://www.youtube.com/watch?v=_shYoQhDFM0,12,그것은 사실일지도 몰라요.,It might be true.
401,K영어회화,Part 03,Unit 37,Although (비록) ~하더라도 긴 문장 만들기,https://www.youtube.com/watch?v=HtimXvgqlas,1,비록 비쌌지만 그 음식은 맛있었다.,"The food was good, although it was expensive."
402,K영어회화,Part 03,Unit 37,Although (비록) ~하더라도 긴 문장 만들기,https://www.youtube.com/watch?v=HtimXvgqlas,2,그는 키가 작지만 높게 점프할 수 있다.,"He can jump high, although he is short."
403,K영어회화,Part 03,Unit 37,Although (비록) ~하더라도 긴 문장 만들기,https://www.youtube.com/watch?v=HtimXvgqlas,3,비록 비가 내렸지만 콘서트에는 많은 사람들이 있었다.,"Although it rained, there were many people at the concert."
404,K영어회화,Part 03,Unit 37,Although (비록) ~하더라도 긴 문장 만들기,https://www.youtube.com/watch?v=HtimXvgqlas,4,비록 그는 여러 번 실패했지만 포기하지 않았다.,He did not give up although he failed many times.
405,K영어회화,Part 03,Unit 37,Although (비록) ~하더라도 긴 문장 만들기,https://www.youtube.com/watch?v=HtimXvgqlas,5,그녀는 공부를 열심히 하지 않았지만 시험을 통과했다.,"She passed the test, although she didn't study hard."
406,K영어회화,Part 03,Unit 37,Although (비록) ~하더라도 긴 문장 만들기,https://www.youtube.com/watch?v=HtimXvgqlas,6,저는 차가 있지만 제 자전거로 출근하는 걸 좋아해요.,"Although I have a car, I like to ride my bicycles to work."
407,K영어회화,Part 03,Unit 37,Although (비록) ~하더라도 긴 문장 만들기,https://www.youtube.com/watch?v=HtimXvgqlas,7,나는 자주 그와 의견이 다르지만 그를 존중한다.,"I respect him, although I often disagree with him."
408,K영어회화,Part 03,Unit 37,Although (비록) ~하더라도 긴 문장 만들기,https://www.youtube.com/watch?v=HtimXvgqlas,8,비록 바빴지만 우리는 행복했다.,"Even though we were busy, we were happy."
409,K영어회화,Part 03,Unit 37,Although (비록) ~하더라도 긴 문장 만들기,https://www.youtube.com/watch?v=HtimXvgqlas,9,그들은 쌍둥이지만 닮지 않았다.,"Even though they are twins, they don't look alike."
410,K영어회화,Part 03,Unit 37,Although (비록) ~하더라도 긴 문장 만들기,https://www.youtube.com/watch?v=HtimXvgqlas,10,나는 피곤하지만 자고 싶지 않다.,"I don't want to sleep, even though I am tired."
411,K영어회화,Part 03,Unit 37,Although (비록) ~하더라도 긴 문장 만들기,https://www.youtube.com/watch?v=HtimXvgqlas,11,그들은 많은 돈이 있지만 행복하지 않다.,"Even though they have a lot of money, they are not happy."
412,K영어회화,Part 03,Unit 37,Although (비록) ~하더라도 긴 문장 만들기,https://www.youtube.com/watch?v=HtimXvgqlas,12,그녀는 일을 많이 하지만 스트레스를 받지 않는다.,She doesn't get stressed out even though she works a lot.
413,K영어회화,Part 03,Unit 38,be ~ing ~하는 중이다,https://www.youtube.com/watch?v=2D5kOmUpR2o,1,저는 샌드위치를 먹고 있어요.,I am eating a sandwich.
414,K영어회화,Part 03,Unit 38,be ~ing ~하는 중이다,https://www.youtube.com/watch?v=2D5kOmUpR2o,2,그녀는 그녀의 엄마와 얘기하고 있어요.,She is talking to her mom.
415,K영어회화,Part 03,Unit 38,be ~ing ~하는 중이다,https://www.youtube.com/watch?v=2D5kOmUpR2o,3,그는 그의 차 키를 찾는 중이에요.,He is looking for his car key.
416,K영어회화,Part 03,Unit 38,be ~ing ~하는 중이다,https://www.youtube.com/watch?v=2D5kOmUpR2o,4,우리는 영어를 배우려고 노력하는 중이에요.,We are trying to learn English.
417,K영어회화,Part 03,Unit 38,be ~ing ~하는 중이다,https://www.youtube.com/watch?v=2D5kOmUpR2o,5,그녀는 친구들과 지금 브런치를 먹고 있어요.,She is having brunch with her friends now.
418,K영어회화,Part 03,Unit 38,be ~ing ~하는 중이다,https://www.youtube.com/watch?v=2D5kOmUpR2o,6,너 내 말 듣고 있어?,Are you listening to me?
419,K영어회화,Part 03,Unit 38,be ~ing ~하는 중이다,https://www.youtube.com/watch?v=2D5kOmUpR2o,7,그는 지금 머리를 자르고 있나요?,Is he getting a haircut?
420,K영어회화,Part 03,Unit 38,be ~ing ~하는 중이다,https://www.youtube.com/watch?v=2D5kOmUpR2o,8,그들은 지금 제주도에 살고 있나요?,Are they living in Jeju Island now?
421,K영어회화,Part 03,Unit 38,be ~ing ~하는 중이다,https://www.youtube.com/watch?v=2D5kOmUpR2o,9,당신의 남편은 해외에서 근무하고 있나요?,Is your husband working overseas?
422,K영어회화,Part 03,Unit 38,be ~ing ~하는 중이다,https://www.youtube.com/watch?v=2D5kOmUpR2o,10,너 지금 무슨 책 읽고 있어?,What book are you reading now?
423,K영어회화,Part 03,Unit 38,be ~ing ~하는 중이다,https://www.youtube.com/watch?v=2D5kOmUpR2o,11,나 지금 아무것도 하고 있지 않아.,I am not doing anything right now.
424,K영어회화,Part 03,Unit 38,be ~ing ~하는 중이다,https://www.youtube.com/watch?v=2D5kOmUpR2o,12,어떻게 지내고 있어?,How are you doing?
425,K영어회화,Part 03,Unit 39,was/were ~ing ~하고 있었다,https://www.youtube.com/watch?v=2D5kOmUpR2o,1,나는 낮잠을 자고 있었어.,I was taking a nap.
426,K영어회화,Part 03,Unit 39,was/were ~ing ~하고 있었다,https://www.youtube.com/watch?v=2D5kOmUpR2o,2,그는 빨래하는 중이었어.,He was doing the laundry.
427,K영어회화,Part 03,Unit 39,was/were ~ing ~하고 있었다,https://www.youtube.com/watch?v=2D5kOmUpR2o,3,우리는 너에 대해 얘기하는 중이었어.,We were talking about you.
428,K영어회화,Part 03,Unit 39,was/were ~ing ~하고 있었다,https://www.youtube.com/watch?v=2D5kOmUpR2o,4,내가 집에 도착했을 때 그들은 TV를 보고 있었어요.,They were watching TV when I got home.
429,K영어회화,Part 03,Unit 39,was/were ~ing ~하고 있었다,https://www.youtube.com/watch?v=2D5kOmUpR2o,5,그녀는 안전벨트를 하고 있었나요?,Was she wearing a seat belt?
430,K영어회화,Part 03,Unit 39,was/were ~ing ~하고 있었다,https://www.youtube.com/watch?v=2D5kOmUpR2o,6,너 아침 먹는 중이었니?,Were you having breakfast?
431,K영어회화,Part 03,Unit 39,was/were ~ing ~하고 있었다,https://www.youtube.com/watch?v=2D5kOmUpR2o,7,그들은 좋은 시간을 보내는 중이었나요?,Were they having a good time?
432,K영어회화,Part 03,Unit 39,was/were ~ing ~하고 있었다,https://www.youtube.com/watch?v=2D5kOmUpR2o,8,너 어디 가는 중이었니?,Where were you going?
433,K영어회화,Part 03,Unit 39,was/were ~ing ~하고 있었다,https://www.youtube.com/watch?v=2D5kOmUpR2o,9,너 공원에서 뭐 하고 있었어?,What were you doing at the park?
434,K영어회화,Part 03,Unit 39,was/were ~ing ~하고 있었다,https://www.youtube.com/watch?v=2D5kOmUpR2o,10,그는 아무것도 하고 있지 않았어요.,He wasn't doing anything.
435,K영어회화,Part 03,Unit 39,was/were ~ing ~하고 있었다,https://www.youtube.com/watch?v=2D5kOmUpR2o,11,그녀는 어떻게 지내고 있었나요?,How was she doing?
436,K영어회화,Part 03,Unit 39,was/were ~ing ~하고 있었다,https://www.youtube.com/watch?v=2D5kOmUpR2o,12,너 무슨 생각 하고 있었던 거야?,What were you thinking?
437,K영어회화,Part 03,Unit 40,be ~ing의 두 번째 뜻 내 영어에 경쟁력을 더해주자,https://www.youtube.com/watch?v=2D5kOmUpR2o,1,나 내년에 결혼해.,I am getting married next year.
438,K영어회화,Part 03,Unit 40,be ~ing의 두 번째 뜻 내 영어에 경쟁력을 더해주자,https://www.youtube.com/watch?v=2D5kOmUpR2o,2,나 이번 주말에 세차할 거야.,I am washing my car this weekend.
439,K영어회화,Part 03,Unit 40,be ~ing의 두 번째 뜻 내 영어에 경쟁력을 더해주자,https://www.youtube.com/watch?v=2D5kOmUpR2o,3,그녀는 다음 주에 부모님을 뵈러 갈 거예요.,She is visiting her parents next week.
440,K영어회화,Part 03,Unit 40,be ~ing의 두 번째 뜻 내 영어에 경쟁력을 더해주자,https://www.youtube.com/watch?v=2D5kOmUpR2o,4,우리는 다음 달에 출장을 갈 거예요.,We are going on a business trip next month.
441,K영어회화,Part 03,Unit 40,be ~ing의 두 번째 뜻 내 영어에 경쟁력을 더해주자,https://www.youtube.com/watch?v=2D5kOmUpR2o,5,오늘은 누가 우리를 데리러 올 건가요?,Who is picking us up today?
442,K영어회화,Part 03,Unit 40,be ~ing의 두 번째 뜻 내 영어에 경쟁력을 더해주자,https://www.youtube.com/watch?v=2D5kOmUpR2o,6,너 오늘 밤에 뭐 할 거야?,What are you doing tonight?
443,K영어회화,Part 03,Unit 40,be ~ing의 두 번째 뜻 내 영어에 경쟁력을 더해주자,https://www.youtube.com/watch?v=2D5kOmUpR2o,7,너 서울로 이사 갈 거니?,Are you moving to Seoul?
444,K영어회화,Part 03,Unit 40,be ~ing의 두 번째 뜻 내 영어에 경쟁력을 더해주자,https://www.youtube.com/watch?v=2D5kOmUpR2o,8,그는 오늘 오지 않을 거예요.,He is not coming today.
445,K영어회화,Part 03,Unit 40,be ~ing의 두 번째 뜻 내 영어에 경쟁력을 더해주자,https://www.youtube.com/watch?v=2D5kOmUpR2o,9,오늘 밤은 우리 외식하지 않을 거야.,We are not eating out tonight.
446,K영어회화,Part 03,Unit 40,be ~ing의 두 번째 뜻 내 영어에 경쟁력을 더해주자,https://www.youtube.com/watch?v=2D5kOmUpR2o,10,그는 이번 주말에 술을 마시지 않을 거예요.,He is not drinking this weekend.
447,K영어회화,Part 03,Unit 40,be ~ing의 두 번째 뜻 내 영어에 경쟁력을 더해주자,https://www.youtube.com/watch?v=2D5kOmUpR2o,11,우리는 더 이상 이 호텔에 머물지 않을 거예요.,We are not staying at this hotel anymore.
448,K영어회화,Part 03,Unit 40,be ~ing의 두 번째 뜻 내 영어에 경쟁력을 더해주자,https://www.youtube.com/watch?v=2D5kOmUpR2o,12,저는 그곳에 다시 가지 않을 거예요.,I am not going there again.
449,K영어회화,Part 03,Unit 41,be supposed to 원래 ~하기로 되어 있다,https://www.youtube.com/watch?v=xFV4CaSI5UE,1,나는 12시에 케빈을 만나기로 되어 있어.,I am supposed to meet Kevin at noon.
450,K영어회화,Part 03,Unit 41,be supposed to 원래 ~하기로 되어 있다,https://www.youtube.com/watch?v=xFV4CaSI5UE,2,브라이언은 원래 직장에 있어야 해.,Brian is supposed to be at work.
451,K영어회화,Part 03,Unit 41,be supposed to 원래 ~하기로 되어 있다,https://www.youtube.com/watch?v=xFV4CaSI5UE,3,너 원래 이거 하면 안 되는 거였어.,You were not supposed to do this.
452,K영어회화,Part 03,Unit 41,be supposed to 원래 ~하기로 되어 있다,https://www.youtube.com/watch?v=xFV4CaSI5UE,4,원래는 이번 주에 날씨가 좋아야 하는데.,The weather is supposed to be nice this week.
453,K영어회화,Part 03,Unit 41,be supposed to 원래 ~하기로 되어 있다,https://www.youtube.com/watch?v=xFV4CaSI5UE,5,그녀는 원래 준비되어 있어야 했어요.,She was supposed to be ready.
454,K영어회화,Part 03,Unit 41,be supposed to 원래 ~하기로 되어 있다,https://www.youtube.com/watch?v=xFV4CaSI5UE,6,그가 원래 저희와 함께하기로 되어 있었나요?,Was he supposed to join us?
455,K영어회화,Part 03,Unit 41,be supposed to 원래 ~하기로 되어 있다,https://www.youtube.com/watch?v=xFV4CaSI5UE,7,저희가 원래 이 상황에서 어떻게 해야 하죠?,What are we supposed to do in this situation?
456,K영어회화,Part 03,Unit 41,be supposed to 원래 ~하기로 되어 있다,https://www.youtube.com/watch?v=xFV4CaSI5UE,8,무슨 뜻으로 하신 말씀이죠?,What is that supposed to mean?
457,K영어회화,Part 03,Unit 41,be supposed to 원래 ~하기로 되어 있다,https://www.youtube.com/watch?v=xFV4CaSI5UE,9,여기서 흡연하시면 안 됩니다.,You are not supposed to smoke here.
458,K영어회화,Part 03,Unit 41,be supposed to 원래 ~하기로 되어 있다,https://www.youtube.com/watch?v=xFV4CaSI5UE,10,저는 수술 전에 아무것도 먹으면 안 돼요.,I am not supposed to eat anything before the surgery.
459,K영어회화,Part 03,Unit 41,be supposed to 원래 ~하기로 되어 있다,https://www.youtube.com/watch?v=xFV4CaSI5UE,11,이건 원래 쉬워야 하는데.,This is supposed to be easy.
460,K영어회화,Part 03,Unit 41,be supposed to 원래 ~하기로 되어 있다,https://www.youtube.com/watch?v=xFV4CaSI5UE,12,이 영화 원래 재미있어야 하거든.,This movie is supposed to be fun.
461,K영어회화,Part 03,Unit 42,동명사 ~ing ~하는 것,https://www.youtube.com/watch?v=O8NdgW7QOYg,1,나는 사람들과 대화하는 것을 좋아한다.,I like talking to people.
462,K영어회화,Part 03,Unit 42,동명사 ~ing ~하는 것,https://www.youtube.com/watch?v=O8NdgW7QOYg,2,나는 아침에 운동하는 것을 좋아한다.,I like working out in the morning.
463,K영어회화,Part 03,Unit 42,동명사 ~ing ~하는 것,https://www.youtube.com/watch?v=O8NdgW7QOYg,3,그녀는 쇼핑하는 것을 좋아한다.,She loves shopping.
464,K영어회화,Part 03,Unit 42,동명사 ~ing ~하는 것,https://www.youtube.com/watch?v=O8NdgW7QOYg,4,나는 디저트 먹는 것을 좋아한다.,I love eating dessert.
465,K영어회화,Part 03,Unit 42,동명사 ~ing ~하는 것,https://www.youtube.com/watch?v=O8NdgW7QOYg,5,그는 설거지하는 것을 싫어한다.,He hates washing the dishes.
466,K영어회화,Part 03,Unit 42,동명사 ~ing ~하는 것,https://www.youtube.com/watch?v=O8NdgW7QOYg,6,나는 지는 것을 싫어한다.,I hate losing.
467,K영어회화,Part 03,Unit 42,동명사 ~ing ~하는 것,https://www.youtube.com/watch?v=O8NdgW7QOYg,7,그녀는 사진 찍는 걸 즐긴다.,She enjoys taking pictures.
468,K영어회화,Part 03,Unit 42,동명사 ~ing ~하는 것,https://www.youtube.com/watch?v=O8NdgW7QOYg,8,내 가족은 여행하는 것을 즐긴다.,My family enjoys traveling.
469,K영어회화,Part 03,Unit 42,동명사 ~ing ~하는 것,https://www.youtube.com/watch?v=O8NdgW7QOYg,9,밤에 일하는 것은 쉽지 않다.,Working at night is not easy.
470,K영어회화,Part 03,Unit 42,동명사 ~ing ~하는 것,https://www.youtube.com/watch?v=O8NdgW7QOYg,10,매주 여행하는 것은 비용이 많이 들 수 있다.,Traveling every weekend can be costly.
471,K영어회화,Part 03,Unit 42,동명사 ~ing ~하는 것,https://www.youtube.com/watch?v=O8NdgW7QOYg,11,해외에서 사는 것은 어렵다.,Living abroad is difficult.
472,K영어회화,Part 03,Unit 42,동명사 ~ing ~하는 것,https://www.youtube.com/watch?v=O8NdgW7QOYg,12,충분한 물을 섭취하는 것은 중요하다.,Getting enough water is important.
473,K영어회화,Part 03,Unit 43,because ~때문에,https://www.youtube.com/watch?v=Z-gwYs4A1vI&t=405s,1,나는 하와이가 아름답기 때문에 가고 싶다.,I want to go to Hawaii because it's beautiful.
474,K영어회화,Part 03,Unit 43,because ~때문에,https://www.youtube.com/watch?v=Z-gwYs4A1vI&t=405s,2,그녀는 새 핸드폰이 너무 비싸서 사지 않았다.,She didn't buy the new phone because it was too expensive.
475,K영어회화,Part 03,Unit 43,because ~때문에,https://www.youtube.com/watch?v=Z-gwYs4A1vI&t=405s,3,그는 몸이 좋지 않아서 일찍 퇴근했다.,He left work early because he didn't feel good.
476,K영어회화,Part 03,Unit 43,because ~때문에,https://www.youtube.com/watch?v=Z-gwYs4A1vI&t=405s,4,나는 버스를 놓쳐서 택시를 탔다.,I took a taxi because I missed the bus.
477,K영어회화,Part 03,Unit 43,because ~때문에,https://www.youtube.com/watch?v=Z-gwYs4A1vI&t=405s,5,그녀는 요리하는 것을 좋아하기 때문에 보통 집에서 먹는다.,She usually eats at home because she likes cooking.
478,K영어회화,Part 03,Unit 43,because ~때문에,https://www.youtube.com/watch?v=Z-gwYs4A1vI&t=405s,6,그는 아파서 오지 않았다.,He didn't come because he was sick.
479,K영어회화,Part 03,Unit 43,because ~때문에,https://www.youtube.com/watch?v=Z-gwYs4A1vI&t=405s,7,나는 그것이 매우 커서 놀랐습니다.,I was surprised because it was very big.
480,K영어회화,Part 03,Unit 43,because ~때문에,https://www.youtube.com/watch?v=Z-gwYs4A1vI&t=405s,8,오늘 밤은 일이 많아서 못 나가요.,I can't go out tonight because I have a lot of work to do.
481,K영어회화,Part 03,Unit 43,because ~때문에,https://www.youtube.com/watch?v=Z-gwYs4A1vI&t=405s,9,그가 성가시게 해서 제니는 그와 얘기하지 않는다.,Jenny doesn't talk to him because he is annoying.
482,K영어회화,Part 03,Unit 43,because ~때문에,https://www.youtube.com/watch?v=Z-gwYs4A1vI&t=405s,10,그는 그의 가족 때문에 담배를 끊었다.,He stopped smoking because of his family.
483,K영어회화,Part 03,Unit 43,because ~때문에,https://www.youtube.com/watch?v=Z-gwYs4A1vI&t=405s,11,나는 교통 체증 때문에 회사에 지각했다.,I was late to work because of the traffic jam.
484,K영어회화,Part 03,Unit 43,because ~때문에,https://www.youtube.com/watch?v=Z-gwYs4A1vI&t=405s,12,제임스는 취업 면접 때문에 하루 종일 스트레스를 받았다.,James was stressed out all day because of the job interview.
485,K영어회화,Part 03,Unit 44,used to ~을 했었다 (한때),https://www.youtube.com/watch?v=2tUmkF8s33U,1,나는 일주일에 한 번씩 서울에 가곤 했다.,I used to go to Seoul once a week.
486,K영어회화,Part 03,Unit 44,used to ~을 했었다 (한때),https://www.youtube.com/watch?v=2tUmkF8s33U,2,내 아내와 나는 버스로 출퇴근했었다.,My wife and I used to take the bus to work.
487,K영어회화,Part 03,Unit 44,used to ~을 했었다 (한때),https://www.youtube.com/watch?v=2tUmkF8s33U,3,나는 한때 거기에 살았었다.,I used to live there.
488,K영어회화,Part 03,Unit 44,used to ~을 했었다 (한때),https://www.youtube.com/watch?v=2tUmkF8s33U,4,그는 예전에 선생님이었다.,He used to be a teacher.
489,K영어회화,Part 03,Unit 44,used to ~을 했었다 (한때),https://www.youtube.com/watch?v=2tUmkF8s33U,5,우리는 절친이었다.,We used to be best friends.
490,K영어회화,Part 03,Unit 44,used to ~을 했었다 (한때),https://www.youtube.com/watch?v=2tUmkF8s33U,6,그들은 토요일에 일했었나요?,Did they use to work on Saturdays?
491,K영어회화,Part 03,Unit 44,used to ~을 했었다 (한때),https://www.youtube.com/watch?v=2tUmkF8s33U,7,당신은 필라테스를 배웠었나요?,Did you use to learn pilates?
492,K영어회화,Part 03,Unit 44,used to ~을 했었다 (한때),https://www.youtube.com/watch?v=2tUmkF8s33U,8,나는 야채를 먹지 않았었지만 지금은 먹는다.,"I did not use to eat vegetables, but I do now."
493,K영어회화,Part 03,Unit 44,used to ~을 했었다 (한때),https://www.youtube.com/watch?v=2tUmkF8s33U,9,그는 예전에 자기 방이 없었다.,He did not use to have his own room.
494,K영어회화,Part 03,Unit 44,used to ~을 했었다 (한때),https://www.youtube.com/watch?v=2tUmkF8s33U,10,우리는 매년 그곳에 갔었다.,We used to go there every year.
495,K영어회화,Part 03,Unit 44,used to ~을 했었다 (한때),https://www.youtube.com/watch?v=2tUmkF8s33U,11,그녀는 매일 아침 운동을 했었다.,She used to exercise in the morning.
496,K영어회화,Part 03,Unit 44,used to ~을 했었다 (한때),https://www.youtube.com/watch?v=2tUmkF8s33U,12,우리는 몇 시간씩 통화하곤 했다.,We used to talk on the phone for hours.
497,K영어회화,Part 03,Unit 45,be used to ~에 익숙하다,https://www.youtube.com/watch?v=2tUmkF8s33U,1,저는 엄마를 도와드리는 게 익숙해요.,I am used to helping my mom.
498,K영어회화,Part 03,Unit 45,be used to ~에 익숙하다,https://www.youtube.com/watch?v=2tUmkF8s33U,2,그는 큰 결정들을 내리는 게 익숙해요.,He is used to making big decisions.
499,K영어회화,Part 03,Unit 45,be used to ~에 익숙하다,https://www.youtube.com/watch?v=2tUmkF8s33U,3,우리는 아파트에 사는 것에 익숙해요.,We are used to living in an apartment.
500,K영어회화,Part 03,Unit 45,be used to ~에 익숙하다,https://www.youtube.com/watch?v=2tUmkF8s33U,4,저는 혼자 밥 먹는 게 익숙해요.,I am used to eating alone.
501,K영어회화,Part 03,Unit 45,be used to ~에 익숙하다,https://www.youtube.com/watch?v=2tUmkF8s33U,5,당신은 일찍 일어나는 것에 익숙한가요?,Are you used to waking up early?
502,K영어회화,Part 03,Unit 45,be used to ~에 익숙하다,https://www.youtube.com/watch?v=2tUmkF8s33U,6,그는 늦게까지 깨어있는 것에 익숙한가요?,Is he used to staying up late?
503,K영어회화,Part 03,Unit 45,be used to ~에 익숙하다,https://www.youtube.com/watch?v=2tUmkF8s33U,7,그들은 서울에서 지하철을 타는 것에 익숙한가요?,Are they used to taking the subway in Seoul?
504,K영어회화,Part 03,Unit 45,be used to ~에 익숙하다,https://www.youtube.com/watch?v=2tUmkF8s33U,8,당신은 아침에 명상하는 것에 익숙한가요?,Are you used to meditating in the morning?
505,K영어회화,Part 03,Unit 45,be used to ~에 익숙하다,https://www.youtube.com/watch?v=2tUmkF8s33U,9,우리 가족은 도시에서 사는 것에 익숙하지 않아요.,My family is not used to living in the city.
506,K영어회화,Part 03,Unit 45,be used to ~에 익숙하다,https://www.youtube.com/watch?v=2tUmkF8s33U,10,제이슨은 큰 차를 운전하는 게 익숙하지 않아요.,Jason is not used to driving a big car.
507,K영어회화,Part 03,Unit 45,be used to ~에 익숙하다,https://www.youtube.com/watch?v=2tUmkF8s33U,11,그는 이 일에 익숙하지 않아요.,He is not used to this job.
508,K영어회화,Part 03,Unit 45,be used to ~에 익숙하다,https://www.youtube.com/watch?v=2tUmkF8s33U,12,저의 부모님은 온라인으로 물건을 사는 것에 익숙하지 않아요.,My parents are not used to buying things online.
509,K영어회화,Part 03,Unit 46,try to ~하려고 노력하다,https://www.youtube.com/watch?v=0e7Kkl6bHMo,1,저는 일찍 자려고 노력해요.,I try to sleep early.
510,K영어회화,Part 03,Unit 46,try to ~하려고 노력하다,https://www.youtube.com/watch?v=0e7Kkl6bHMo,2,우리는 최선을 다하려고 노력해요.,We try to do our best.
511,K영어회화,Part 03,Unit 46,try to ~하려고 노력하다,https://www.youtube.com/watch?v=0e7Kkl6bHMo,3,나는 이제부터 건강에 좋은 음식을 먹도록 노력할 거야.,I will try to eat healthy from now on.
512,K영어회화,Part 03,Unit 46,try to ~하려고 노력하다,https://www.youtube.com/watch?v=0e7Kkl6bHMo,4,그녀는 일주일에 적어도 3번은 운동하려고 해요.,She tries to work out at least 3 times a week.
513,K영어회화,Part 03,Unit 46,try to ~하려고 노력하다,https://www.youtube.com/watch?v=0e7Kkl6bHMo,5,내가 퇴근하고 그녀에게 연락하려고 해볼게.,I will try to call her back after work.
514,K영어회화,Part 03,Unit 46,try to ~하려고 노력하다,https://www.youtube.com/watch?v=0e7Kkl6bHMo,6,좀 쉬려고 해봐.,Try to get some rest.
515,K영어회화,Part 03,Unit 46,try to ~하려고 노력하다,https://www.youtube.com/watch?v=0e7Kkl6bHMo,7,난 그를 설득하려고 노력했어.,I tried to convince him.
516,K영어회화,Part 03,Unit 46,try to ~하려고 노력하다,https://www.youtube.com/watch?v=0e7Kkl6bHMo,8,그는 그의 아이들과 시간을 보내려고 노력해요.,He tries to spend time with his children.
517,K영어회화,Part 03,Unit 46,try to ~하려고 노력하다,https://www.youtube.com/watch?v=0e7Kkl6bHMo,9,너 그에게 연락하려고 했었어?,Did you try to contact him?
518,K영어회화,Part 03,Unit 46,try to ~하려고 노력하다,https://www.youtube.com/watch?v=0e7Kkl6bHMo,10,당신은 그 가게에서 환불받으려고 했나요?,Did you try to get a refund from the store?
519,K영어회화,Part 03,Unit 46,try to ~하려고 노력하다,https://www.youtube.com/watch?v=0e7Kkl6bHMo,11,서두르려 해봐.,Try to be quick.
520,K영어회화,Part 03,Unit 46,try to ~하려고 노력하다,https://www.youtube.com/watch?v=0e7Kkl6bHMo,12,나를 탓하려 하지 마.,Don't try to blame me.
521,K영어회화,Part 03,Unit 47,try not to ~하지 않으려고 노력하다,https://www.youtube.com/watch?v=5bdIQ74vxY8,1,그것에 대해 생각하지 않으려고 해봐.,Try not to think about it.
522,K영어회화,Part 03,Unit 47,try not to ~하지 않으려고 노력하다,https://www.youtube.com/watch?v=5bdIQ74vxY8,2,아침을 거르지 않으려고 해봐.,Try not to skip breakfast.
523,K영어회화,Part 03,Unit 47,try not to ~하지 않으려고 노력하다,https://www.youtube.com/watch?v=5bdIQ74vxY8,3,상처를 만지지 않으려고 노력해봐.,Try not to touch the wound.
524,K영어회화,Part 03,Unit 47,try not to ~하지 않으려고 노력하다,https://www.youtube.com/watch?v=5bdIQ74vxY8,4,난 널 실망시키지 않으려고 노력했어.,I tried not to let you down.
525,K영어회화,Part 03,Unit 47,try not to ~하지 않으려고 노력하다,https://www.youtube.com/watch?v=5bdIQ74vxY8,5,우리는 웃지 않으려고 했다.,We tried not to laugh.
526,K영어회화,Part 03,Unit 47,try not to ~하지 않으려고 노력하다,https://www.youtube.com/watch?v=5bdIQ74vxY8,6,내가 영화를 보는 동안 잠들지 않도록 노력해 볼게.,I will try not to fall asleep during the movie.
527,K영어회화,Part 03,Unit 47,try not to ~하지 않으려고 노력하다,https://www.youtube.com/watch?v=5bdIQ74vxY8,7,널 방해하지 않으려 노력할게.,I will try not to disturb you.
528,K영어회화,Part 03,Unit 47,try not to ~하지 않으려고 노력하다,https://www.youtube.com/watch?v=5bdIQ74vxY8,8,그들은 영화를 볼 때 울지 않으려고 노력했다.,They tried not to cry during the movie.
529,K영어회화,Part 03,Unit 47,try not to ~하지 않으려고 노력하다,https://www.youtube.com/watch?v=5bdIQ74vxY8,9,나는 같은 실수를 하지 않으려고 노력한다.,I try not to make the same mistakes.
530,K영어회화,Part 03,Unit 47,try not to ~하지 않으려고 노력하다,https://www.youtube.com/watch?v=5bdIQ74vxY8,10,그는 수술 후에 과로하지 않으려 한다.,He tries not to overwork after the surgery.
531,K영어회화,Part 03,Unit 47,try not to ~하지 않으려고 노력하다,https://www.youtube.com/watch?v=5bdIQ74vxY8,11,당신은 요즘 술 마시지 않으려고 노력하시나요?,Do you try not to drink these days?
532,K영어회화,Part 03,Unit 47,try not to ~하지 않으려고 노력하다,https://www.youtube.com/watch?v=5bdIQ74vxY8,12,우리는 당신의 시간을 낭비하지 않도록 노력할 것입니다.,We will try not to waste your time.
533,K영어회화,Part 03,Unit 48,어휘력 패턴 + be 동사,https://www.youtube.com/channel/UCZ7nsIsZBLtWsj0cFYLKjnA,1,나는 유명해지고 싶다.,I want to be famous.
534,K영어회화,Part 03,Unit 48,어휘력 패턴 + be 동사,https://www.youtube.com/channel/UCZ7nsIsZBLtWsj0cFYLKjnA,2,그녀는 그녀의 가족들과 있는 것을 좋아한다.,She likes to be with her family.
535,K영어회화,Part 03,Unit 48,어휘력 패턴 + be 동사,https://www.youtube.com/channel/UCZ7nsIsZBLtWsj0cFYLKjnA,3,너는 조심할 필요가 있다.,You need to be careful.
536,K영어회화,Part 03,Unit 48,어휘력 패턴 + be 동사,https://www.youtube.com/channel/UCZ7nsIsZBLtWsj0cFYLKjnA,4,그들은 곧 준비가 될 겁니다.,They are going to be ready soon.
537,K영어회화,Part 03,Unit 48,어휘력 패턴 + be 동사,https://www.youtube.com/channel/UCZ7nsIsZBLtWsj0cFYLKjnA,5,당신은 인내심이 있어야 해요.,You have to patient. / You have to be patient.
538,K영어회화,Part 03,Unit 48,어휘력 패턴 + be 동사,https://www.youtube.com/channel/UCZ7nsIsZBLtWsj0cFYLKjnA,6,당신은 부주의하면 안 돼요.,You should not be careless.
539,K영어회화,Part 03,Unit 48,어휘력 패턴 + be 동사,https://www.youtube.com/channel/UCZ7nsIsZBLtWsj0cFYLKjnA,7,그는 지금 바쁠지도 몰라요.,He might be busy now.
540,K영어회화,Part 03,Unit 48,어휘력 패턴 + be 동사,https://www.youtube.com/channel/UCZ7nsIsZBLtWsj0cFYLKjnA,8,그녀는 30분 전에 이곳에 와 있어야 했어요.,She was supposed to be here 30 minutes ago.
541,K영어회화,Part 03,Unit 48,어휘력 패턴 + be 동사,https://www.youtube.com/channel/UCZ7nsIsZBLtWsj0cFYLKjnA,9,우리는 한때 친구였어요.,We used to be friends.
542,K영어회화,Part 03,Unit 48,어휘력 패턴 + be 동사,https://www.youtube.com/channel/UCZ7nsIsZBLtWsj0cFYLKjnA,10,저는 책임감을 가지려고 노력합니다.,I try to be responsible.
543,K영어회화,Part 03,Unit 48,어휘력 패턴 + be 동사,https://www.youtube.com/channel/UCZ7nsIsZBLtWsj0cFYLKjnA,11,그는 너에게 잘해주고 있어.,He is being nice to you.
544,K영어회화,Part 03,Unit 48,어휘력 패턴 + be 동사,https://www.youtube.com/channel/UCZ7nsIsZBLtWsj0cFYLKjnA,12,저는 혼자 있는 것에 익숙해요.,I am used to being alone.
545,K영어회화,Part 04,Unit 49,ing vs ed 차이와 쓰임새,https://www.youtube.com/watch?v=NbJ7g_kUzfg&t=296s,1,나는 너무 심심하다.,I am so bored.
546,K영어회화,Part 04,Unit 49,ing vs ed 차이와 쓰임새,https://www.youtube.com/watch?v=NbJ7g_kUzfg&t=296s,2,나는 창피하다.,I am embarrassed.
547,K영어회화,Part 04,Unit 49,ing vs ed 차이와 쓰임새,https://www.youtube.com/watch?v=NbJ7g_kUzfg&t=296s,3,이 커피 훌륭하네요.,This coffee is amazing.
548,K영어회화,Part 04,Unit 49,ing vs ed 차이와 쓰임새,https://www.youtube.com/watch?v=NbJ7g_kUzfg&t=296s,4,이 책은 흥미롭다.,This book is interesting.
549,K영어회화,Part 04,Unit 49,ing vs ed 차이와 쓰임새,https://www.youtube.com/watch?v=NbJ7g_kUzfg&t=296s,5,그는 충격을 받았다.,He was shocked.
550,K영어회화,Part 04,Unit 49,ing vs ed 차이와 쓰임새,https://www.youtube.com/watch?v=NbJ7g_kUzfg&t=296s,6,탑은 우울하다.,Tom is depressed.
551,K영어회화,Part 04,Unit 49,ing vs ed 차이와 쓰임새,https://www.youtube.com/watch?v=NbJ7g_kUzfg&t=296s,7,그는 성가셨다.,He was annoying.
552,K영어회화,Part 04,Unit 49,ing vs ed 차이와 쓰임새,https://www.youtube.com/watch?v=NbJ7g_kUzfg&t=296s,8,그 결과는 실망스러웠다.,The result was disappointing.
553,K영어회화,Part 04,Unit 49,ing vs ed 차이와 쓰임새,https://www.youtube.com/watch?v=NbJ7g_kUzfg&t=296s,9,우리는 실망했다.,We are disappointed.
554,K영어회화,Part 04,Unit 49,ing vs ed 차이와 쓰임새,https://www.youtube.com/watch?v=NbJ7g_kUzfg&t=296s,10,그 뉴스는 놀라웠다.,The news was surprising.
555,K영어회화,Part 04,Unit 49,ing vs ed 차이와 쓰임새,https://www.youtube.com/watch?v=NbJ7g_kUzfg&t=296s,11,그녀는 놀랐었다.,She was surprised.
556,K영어회화,Part 04,Unit 49,ing vs ed 차이와 쓰임새,https://www.youtube.com/watch?v=NbJ7g_kUzfg&t=296s,12,그녀는 한국 여행에 대해 매우 신이 났다.,She is so excited about her trip to Korea.
557,K영어회화,Part 04,Unit 50,명령문 ~해 / ~하지 마,https://www.youtube.com/watch?v=IDFPacSPeGE&t=17s,1,일찍 오세요.,Come early.
558,K영어회화,Part 04,Unit 50,명령문 ~해 / ~하지 마,https://www.youtube.com/watch?v=IDFPacSPeGE&t=17s,2,그를 도와줘.,Help him.
559,K영어회화,Part 04,Unit 50,명령문 ~해 / ~하지 마,https://www.youtube.com/watch?v=IDFPacSPeGE&t=17s,3,앉아주세요.,Please sit down.
560,K영어회화,Part 04,Unit 50,명령문 ~해 / ~하지 마,https://www.youtube.com/watch?v=IDFPacSPeGE&t=17s,4,시간 날 때 그녀에게 전화하세요.,Call her when you have time.
561,K영어회화,Part 04,Unit 50,명령문 ~해 / ~하지 마,https://www.youtube.com/watch?v=IDFPacSPeGE&t=17s,5,요리할 때 조심하세요.,Be careful when you cook.
562,K영어회화,Part 04,Unit 50,명령문 ~해 / ~하지 마,https://www.youtube.com/watch?v=IDFPacSPeGE&t=17s,6,수업 중에는 조용히 해 주세요.,Please be quiet during the class.
563,K영어회화,Part 04,Unit 50,명령문 ~해 / ~하지 마,https://www.youtube.com/watch?v=IDFPacSPeGE&t=17s,7,다른 사람들 방해하지 마세요.,Don't interrupt other people.
564,K영어회화,Part 04,Unit 50,명령문 ~해 / ~하지 마,https://www.youtube.com/watch?v=IDFPacSPeGE&t=17s,8,그거 먹지 마. 상했을지도 몰라.,Don't eat that. It might be spoiled.
565,K영어회화,Part 04,Unit 50,명령문 ~해 / ~하지 마,https://www.youtube.com/watch?v=IDFPacSPeGE&t=17s,9,밤에 전화하지 마세요.,Don't call me at night.
566,K영어회화,Part 04,Unit 50,명령문 ~해 / ~하지 마,https://www.youtube.com/watch?v=IDFPacSPeGE&t=17s,10,고집부리지 마.,Don't be stubborn about it.
567,K영어회화,Part 04,Unit 50,명령문 ~해 / ~하지 마,https://www.youtube.com/watch?v=IDFPacSPeGE&t=17s,11,면접에 늦지 마세요.,Don't be late for your interview.
568,K영어회화,Part 04,Unit 50,명령문 ~해 / ~하지 마,https://www.youtube.com/watch?v=IDFPacSPeGE&t=17s,12,겁내지 마.,Don't afraid. / Don't be afraid.
569,K영어회화,Part 04,Unit 51,"전치사 at, in, on",https://www.youtube.com/watch?v=GaTS2nCqdWo,1,나는 카페에 있다.,I am at cafe. / I am at a cafe.
570,K영어회화,Part 04,Unit 51,"전치사 at, in, on",https://www.youtube.com/watch?v=GaTS2nCqdWo,2,그는 회의실에 있다.,He is in the meeting room.
571,K영어회화,Part 04,Unit 51,"전치사 at, in, on",https://www.youtube.com/watch?v=GaTS2nCqdWo,3,너 사무실에 있어?,Are you in the office?
572,K영어회화,Part 04,Unit 51,"전치사 at, in, on",https://www.youtube.com/watch?v=GaTS2nCqdWo,4,엄마는 부엌에 있다.,Mom is in the kitchen.
573,K영어회화,Part 04,Unit 51,"전치사 at, in, on",https://www.youtube.com/watch?v=GaTS2nCqdWo,5,그녀는 거실에서 TV를 보고 있다.,She is watching TV in the living room.
574,K영어회화,Part 04,Unit 51,"전치사 at, in, on",https://www.youtube.com/watch?v=GaTS2nCqdWo,6,당신은 공항에 있습니까?,Are you at the airport?
575,K영어회화,Part 04,Unit 51,"전치사 at, in, on",https://www.youtube.com/watch?v=GaTS2nCqdWo,7,우리는 어젯밤 식당에서 좋은 음식을 먹었다.,We had a good meal at the restaurant last night.
576,K영어회화,Part 04,Unit 51,"전치사 at, in, on",https://www.youtube.com/watch?v=GaTS2nCqdWo,8,길거리에 쓰레기를 버리면 안 돼요.,You should not litter on the street.
577,K영어회화,Part 04,Unit 51,"전치사 at, in, on",https://www.youtube.com/watch?v=GaTS2nCqdWo,9,그들은 벽에 거울을 걸어 놓았다.,They hung the mirror on the wall.
578,K영어회화,Part 04,Unit 51,"전치사 at, in, on",https://www.youtube.com/watch?v=GaTS2nCqdWo,10,당신의 차 열쇠는 소파 위에 있습니다.,Your car key is on the sofa.
579,K영어회화,Part 04,Unit 51,"전치사 at, in, on",https://www.youtube.com/watch?v=GaTS2nCqdWo,11,당신 얼굴에 뭐가 묻었어요.,There is something on your face.
580,K영어회화,Part 04,Unit 51,"전치사 at, in, on",https://www.youtube.com/watch?v=GaTS2nCqdWo,12,제 휴대폰이 탁자 위에 있나요?,Is my cell phone on the table?
581,K영어회화,Part 04,Unit 52,"at, in, on 시간, 연도, 요일",https://www.youtube.com/watch?v=PPwPMUMTaxY&t=474s,1,그 영화 7시 30분에 시작해.,The movie starts at 7:30 p.m.
582,K영어회화,Part 04,Unit 52,"at, in, on 시간, 연도, 요일",https://www.youtube.com/watch?v=PPwPMUMTaxY&t=474s,2,나의 하루는 아침 6시에 시작된다.,My day starts at 6 o'clock in the morning.
583,K영어회화,Part 04,Unit 52,"at, in, on 시간, 연도, 요일",https://www.youtube.com/watch?v=PPwPMUMTaxY&t=474s,3,저는 밤에 일해요.,I work at night.
584,K영어회화,Part 04,Unit 52,"at, in, on 시간, 연도, 요일",https://www.youtube.com/watch?v=PPwPMUMTaxY&t=474s,4,그는 12월에 태어났아요.,He was born in December.
585,K영어회화,Part 04,Unit 52,"at, in, on 시간, 연도, 요일",https://www.youtube.com/watch?v=PPwPMUMTaxY&t=474s,5,탐은 4월에 한국에 갈 거예요.,Tom is going to Korea in April.
586,K영어회화,Part 04,Unit 52,"at, in, on 시간, 연도, 요일",https://www.youtube.com/watch?v=PPwPMUMTaxY&t=474s,6,제 아내와 저는 2017년에 결혼했어요.,My wife and I got married in 2017.
587,K영어회화,Part 04,Unit 52,"at, in, on 시간, 연도, 요일",https://www.youtube.com/watch?v=PPwPMUMTaxY&t=474s,7,나는 저녁에 내 개들을 산책시킨다.,I walk my dogs in the evening.
588,K영어회화,Part 04,Unit 52,"at, in, on 시간, 연도, 요일",https://www.youtube.com/watch?v=PPwPMUMTaxY&t=474s,8,그는 여름에 청바지를 입지 않는다.,He doesn't wear jeans in summer.
589,K영어회화,Part 04,Unit 52,"at, in, on 시간, 연도, 요일",https://www.youtube.com/watch?v=PPwPMUMTaxY&t=474s,9,너 생일에 뭐 할 거야?,What are you doing on your birthday?
590,K영어회화,Part 04,Unit 52,"at, in, on 시간, 연도, 요일",https://www.youtube.com/watch?v=PPwPMUMTaxY&t=474s,10,당신은 월요일부터 일을 시작할 수 있나요?,Can you start working on Monday?
591,K영어회화,Part 04,Unit 52,"at, in, on 시간, 연도, 요일",https://www.youtube.com/watch?v=PPwPMUMTaxY&t=474s,11,제니는 토요일에 이곳을 떠날 것이다.,Jenny is leaving here on Saturday.
592,K영어회화,Part 04,Unit 52,"at, in, on 시간, 연도, 요일",https://www.youtube.com/watch?v=PPwPMUMTaxY&t=474s,12,브라이언은 기념일에 아내에게 꽃을 주었다.,Brian gave flowers to his wife on their anniversary.
593,K영어회화,Part 04,Unit 53,for의 다양한 쓰임새,https://www.youtube.com/watch?v=evZqClcHt9k&t=22s,1,그녀는 아이들을 위해 디저트를 만든다.,She makes desserts for her kids.
594,K영어회화,Part 04,Unit 53,for의 다양한 쓰임새,https://www.youtube.com/watch?v=evZqClcHt9k&t=22s,2,내가 너에게 커피 좀 가져다줄게.,I will bring some coffee for you.
595,K영어회화,Part 04,Unit 53,for의 다양한 쓰임새,https://www.youtube.com/watch?v=evZqClcHt9k&t=22s,3,무엇을 도와드릴까요?,What can I do for you?
596,K영어회화,Part 04,Unit 53,for의 다양한 쓰임새,https://www.youtube.com/watch?v=evZqClcHt9k&t=22s,4,이것 좀 해줄래?,Can you do this for me?
597,K영어회화,Part 04,Unit 53,for의 다양한 쓰임새,https://www.youtube.com/watch?v=evZqClcHt9k&t=22s,5,그는 건강을 위해 매일 아침 달리기리를 합니다.,He runs every morning for his health.
598,K영어회화,Part 04,Unit 53,for의 다양한 쓰임새,https://www.youtube.com/watch?v=evZqClcHt9k&t=22s,6,우리는 그 집에서 2년 동안 살았다.,We lived in the house for 2 years.
599,K영어회화,Part 04,Unit 53,for의 다양한 쓰임새,https://www.youtube.com/watch?v=evZqClcHt9k&t=22s,7,저는 한 달 동안 입원했어요.,I was hospitalized for a month.
600,K영어회화,Part 04,Unit 53,for의 다양한 쓰임새,https://www.youtube.com/watch?v=evZqClcHt9k&t=22s,8,그는 몇 주 동안 휴가를 갈 것이다.,He is going on a vacation for a few weeks.
601,K영어회화,Part 04,Unit 53,for의 다양한 쓰임새,https://www.youtube.com/watch?v=evZqClcHt9k&t=22s,9,나는 아침으로 항상 시리얼을 먹는다.,I always eat cereal for breakfast.
602,K영어회화,Part 04,Unit 53,for의 다양한 쓰임새,https://www.youtube.com/watch?v=evZqClcHt9k&t=22s,10,이거 공짜에요?,Is this for free?
603,K영어회화,Part 04,Unit 53,for의 다양한 쓰임새,https://www.youtube.com/watch?v=evZqClcHt9k&t=22s,11,저는 면접에 늦었어요.,I'm late for the job interview.
604,K영어회화,Part 04,Unit 53,for의 다양한 쓰임새,https://www.youtube.com/watch?v=evZqClcHt9k&t=22s,12,나는 학교 시험공부를 해야 한다.,I need to study for my school exam.
605,K영어회화,Part 04,Unit 54,during vs while ~동안,https://www.youtube.com/watch?v=vneFvfBhHGU,1,그들은 여름 동안 매일 수영을 한다.,They swim every day during the summer.
606,K영어회화,Part 04,Unit 54,during vs while ~동안,https://www.youtube.com/watch?v=vneFvfBhHGU,2,그 가게는 주말 동안 문을 닫을 것이다.,The shop will be closed during the weekend.
607,K영어회화,Part 04,Unit 54,during vs while ~동안,https://www.youtube.com/watch?v=vneFvfBhHGU,3,그는 회의 중에 아무 말도 하지 않았다.,He didn't say anything during the meeting.
608,K영어회화,Part 04,Unit 54,during vs while ~동안,https://www.youtube.com/watch?v=vneFvfBhHGU,4,휴가 동안 좋은 시간 보냈니?,Did you have a good time during the vacation?
609,K영어회화,Part 04,Unit 54,during vs while ~동안,https://www.youtube.com/watch?v=vneFvfBhHGU,5,수업하는 동안 무엇을 배웠니?,What did you learn during the class?
610,K영어회화,Part 04,Unit 54,during vs while ~동안,https://www.youtube.com/watch?v=vneFvfBhHGU,6,그녀는 여행하는 동안 아팠다.,She was sick during the trip.
611,K영어회화,Part 04,Unit 54,during vs while ~동안,https://www.youtube.com/watch?v=vneFvfBhHGU,7,아빠는 아침을 드시면서 신문을 읽으신다.,My dad reads the newspaper while having his breakfast.
612,K영어회화,Part 04,Unit 54,during vs while ~동안,https://www.youtube.com/watch?v=vneFvfBhHGU,8,그녀는 준비하는 동안 그녀의 사장님으로부터 전화를 받았다.,She got a call from her boss while she was getting ready.
613,K영어회화,Part 04,Unit 54,during vs while ~동안,https://www.youtube.com/watch?v=vneFvfBhHGU,9,그는 낮 동안 자고 밤에 일한다.,He sleeps during the day and works at night.
614,K영어회화,Part 04,Unit 54,during vs while ~동안,https://www.youtube.com/watch?v=vneFvfBhHGU,10,당신은 운동하는 동안 음악을 듣습니까?,Do you listen to music while you are exercising?
615,K영어회화,Part 04,Unit 54,during vs while ~동안,https://www.youtube.com/watch?v=vneFvfBhHGU,11,기다리시는 동안 뭐 좀 갖다 드릴까요?,Can I get you anything while you are waiting?
616,K영어회화,Part 04,Unit 54,during vs while ~동안,https://www.youtube.com/watch?v=vneFvfBhHGU,12,통화하면서 운전하는 것은 위험하다.,Driving while talking on the phone is dangerous.
617,K영어회화,Part 04,Unit 55,"비인칭 주어 (날씨, 시간, 요일)",https://www.youtube.com/watch?v=UKcrEJkOLUc,1,멀지 않아.,It's not far.
618,K영어회화,Part 04,Unit 55,"비인칭 주어 (날씨, 시간, 요일)",https://www.youtube.com/watch?v=UKcrEJkOLUc,2,벌써 여름이다.,It's summer already.
619,K영어회화,Part 04,Unit 55,"비인칭 주어 (날씨, 시간, 요일)",https://www.youtube.com/watch?v=UKcrEJkOLUc,3,밖에 비와.,It's raining outside.
620,K영어회화,Part 04,Unit 55,"비인칭 주어 (날씨, 시간, 요일)",https://www.youtube.com/watch?v=UKcrEJkOLUc,4,어두워지고 있어.,It is getting dark.
621,K영어회화,Part 04,Unit 55,"비인칭 주어 (날씨, 시간, 요일)",https://www.youtube.com/watch?v=UKcrEJkOLUc,5,어제는 수요일이었어.,It was Wednesday yesterday.
622,K영어회화,Part 04,Unit 55,"비인칭 주어 (날씨, 시간, 요일)",https://www.youtube.com/watch?v=UKcrEJkOLUc,6,아직도 밖이 환해.,It's still bright outside.
623,K영어회화,Part 04,Unit 55,"비인칭 주어 (날씨, 시간, 요일)",https://www.youtube.com/watch?v=UKcrEJkOLUc,7,어제 화요일이었니?,Was it Tuesday yesterday?
624,K영어회화,Part 04,Unit 55,"비인칭 주어 (날씨, 시간, 요일)",https://www.youtube.com/watch?v=UKcrEJkOLUc,8,새벽 다섯 시야.,It's 5 o'clock in the morning.
625,K영어회화,Part 04,Unit 55,"비인칭 주어 (날씨, 시간, 요일)",https://www.youtube.com/watch?v=UKcrEJkOLUc,9,내일은 더울 거예요.,It is going to be hot tomorrow.
626,K영어회화,Part 04,Unit 55,"비인칭 주어 (날씨, 시간, 요일)",https://www.youtube.com/watch?v=UKcrEJkOLUc,10,벌써 10월이야.,It's already October.
627,K영어회화,Part 04,Unit 55,"비인칭 주어 (날씨, 시간, 요일)",https://www.youtube.com/watch?v=UKcrEJkOLUc,11,늦었어. (시간),It's late.
628,K영어회화,Part 04,Unit 55,"비인칭 주어 (날씨, 시간, 요일)",https://www.youtube.com/watch?v=UKcrEJkOLUc,12,여기는 겨울입니다.,It's winter here.
629,K영어회화,Part 04,Unit 56,"ago & later (~전에, ~후에)",https://www.youtube.com/watch?v=bwoWgaSCUmc,1,15분 후에 내가 널 데리러 갈게.,I will pick you up in 15 minutes.
630,K영어회화,Part 04,Unit 56,"ago & later (~전에, ~후에)",https://www.youtube.com/watch?v=bwoWgaSCUmc,2,너 이거 이틀 안에 할 수 있어?,Can you do it in 2 days?
631,K영어회화,Part 04,Unit 56,"ago & later (~전에, ~후에)",https://www.youtube.com/watch?v=bwoWgaSCUmc,3,우리 학교는 3주 후에 시작한다.,My school starts in 3 weeks.
632,K영어회화,Part 04,Unit 56,"ago & later (~전에, ~후에)",https://www.youtube.com/watch?v=bwoWgaSCUmc,4,그 영화는 10분 후에 시작할 것이다.,The movie is going to start in 10 minutes.
633,K영어회화,Part 04,Unit 56,"ago & later (~전에, ~후에)",https://www.youtube.com/watch?v=bwoWgaSCUmc,5,나 거의 다 왔어. 5분 뒤에 나와.,I'm almost there. Come out in 5 minutes.
634,K영어회화,Part 04,Unit 56,"ago & later (~전에, ~후에)",https://www.youtube.com/watch?v=bwoWgaSCUmc,6,그녀는 집에 와서 5분 만에 잠들었다.,She came home and fell asleep in 5 minutes.
635,K영어회화,Part 04,Unit 56,"ago & later (~전에, ~후에)",https://www.youtube.com/watch?v=bwoWgaSCUmc,7,나중에 얘기하자.,I will talk to you later.
636,K영어회화,Part 04,Unit 56,"ago & later (~전에, ~후에)",https://www.youtube.com/watch?v=bwoWgaSCUmc,8,그녀는 나중에 그것을 할 것이다.,She will do it later.
637,K영어회화,Part 04,Unit 56,"ago & later (~전에, ~후에)",https://www.youtube.com/watch?v=bwoWgaSCUmc,9,저는 한 달 전에 일을 그만뒀어요.,I quit my job a month ago.
638,K영어회화,Part 04,Unit 56,"ago & later (~전에, ~후에)",https://www.youtube.com/watch?v=bwoWgaSCUmc,10,나는 며칠 전에 그녀를 봤어.,I saw her a few days ago.
639,K영어회화,Part 04,Unit 56,"ago & later (~전에, ~후에)",https://www.youtube.com/watch?v=bwoWgaSCUmc,11,우리는 이틀 전에 새로운 직원을 고용했어요.,We hired a new employee 2 days ago.
640,K영어회화,Part 04,Unit 56,"ago & later (~전에, ~후에)",https://www.youtube.com/watch?v=bwoWgaSCUmc,12,원래 한 시간 전에 넌 내게 전화해야 했어.,You were supposed to call me an hour ago.
641,K영어회화,Part 04,Unit 57,What + 의문문,https://www.youtube.com/watch?v=qcr2Is91lmw,1,너 무슨 책 읽고 있어?,What book are you reading?
642,K영어회화,Part 04,Unit 57,What + 의문문,https://www.youtube.com/watch?v=qcr2Is91lmw,2,그녀는 어떤 아이스크림을 가장 좋아하나요?,What ice cream does she like the most?
643,K영어회화,Part 04,Unit 57,What + 의문문,https://www.youtube.com/watch?v=qcr2Is91lmw,3,어느 식당이 늦게까지 문을 여나요?,What restaurants are open late?
644,K영어회화,Part 04,Unit 57,What + 의문문,https://www.youtube.com/watch?v=qcr2Is91lmw,4,그들은 어젯밤에 무슨 영화를 봤나요?,What movie did they watch last night?
645,K영어회화,Part 04,Unit 57,What + 의문문,https://www.youtube.com/watch?v=qcr2Is91lmw,5,그가 네 생일 선물로 무슨 신발을 사 줄까?,What shoes will he buy for your birthday present?
646,K영어회화,Part 04,Unit 57,What + 의문문,https://www.youtube.com/watch?v=qcr2Is91lmw,6,그들은 어떤 언어를 말할 수 있나요?,What languages can they speak?
647,K영어회화,Part 04,Unit 57,What + 의문문,https://www.youtube.com/watch?v=qcr2Is91lmw,7,당신은 어떤 종류의 영화를 좋아합니까?,What kind of movies do you like?
648,K영어회화,Part 04,Unit 57,What + 의문문,https://www.youtube.com/watch?v=qcr2Is91lmw,8,내가 어떤 종류의 옷을 입어야 할까?,What kind of clothes should I wear?
649,K영어회화,Part 04,Unit 57,What + 의문문,https://www.youtube.com/watch?v=qcr2Is91lmw,9,그는 어떤 종류의 스포츠를 좋아합니까?,What kind of sports does he like?
650,K영어회화,Part 04,Unit 57,What + 의문문,https://www.youtube.com/watch?v=qcr2Is91lmw,10,너는 어떤 종류의 샴푸를 사용하니?,What kind of shampoo do you use?
651,K영어회화,Part 04,Unit 57,What + 의문문,https://www.youtube.com/watch?v=qcr2Is91lmw,11,너는 어떤 종류의 음악을 듣니?,What kind of music do you listen to?
652,K영어회화,Part 04,Unit 57,What + 의문문,https://www.youtube.com/watch?v=qcr2Is91lmw,12,당신의 개는 어떤 종인가요?,What kind of dog do you have?
653,K영어회화,Part 04,Unit 58,How + 의문문,https://www.youtube.com/watch?v=uYc44jCIRfw,1,몇 살이세요?,How old are you?
654,K영어회화,Part 04,Unit 58,How + 의문문,https://www.youtube.com/watch?v=uYc44jCIRfw,2,아드님은 키가 어떻게 되세요?,How tall is your son?
655,K영어회화,Part 04,Unit 58,How + 의문문,https://www.youtube.com/watch?v=uYc44jCIRfw,3,그녀는 얼마나 화가 났었나요?,How angry was she?
656,K영어회화,Part 04,Unit 58,How + 의문문,https://www.youtube.com/watch?v=uYc44jCIRfw,4,당신은 얼마나 만족하시나요?,How satisfied are you?
657,K영어회화,Part 04,Unit 58,How + 의문문,https://www.youtube.com/watch?v=uYc44jCIRfw,5,그게 얼마나 어려웠죠?,How difficult was it?
658,K영어회화,Part 04,Unit 58,How + 의문문,https://www.youtube.com/watch?v=uYc44jCIRfw,6,너희 집 여기서 얼마나 멀어?,How far is your house from here?
659,K영어회화,Part 04,Unit 58,How + 의문문,https://www.youtube.com/watch?v=uYc44jCIRfw,7,시간이 얼마나 오래 걸리나요?,How long does it take?
660,K영어회화,Part 04,Unit 58,How + 의문문,https://www.youtube.com/watch?v=uYc44jCIRfw,8,당신은 하루에 물을 얼마나 마시나요?,How much water do you drink a day?
661,K영어회화,Part 04,Unit 58,How + 의문문,https://www.youtube.com/watch?v=uYc44jCIRfw,9,그들은 얼마나 많은 돈을 빌리길 원했나요?,How much money did they want to borrow?
662,K영어회화,Part 04,Unit 58,How + 의문문,https://www.youtube.com/watch?v=uYc44jCIRfw,10,당신은 자녀가 몇 명입니까?,How many children do you have?
663,K영어회화,Part 04,Unit 58,How + 의문문,https://www.youtube.com/watch?v=uYc44jCIRfw,11,그거 얼마예요?,How much is it?
664,K영어회화,Part 04,Unit 58,How + 의문문,https://www.youtube.com/watch?v=uYc44jCIRfw,12,우리는 몇 개의 의자를 준비해야 합니까?,How many chairs do we need to prepare?
665,K영어회화,Part 04,Unit 59,Don't you~? 부정 의문문,https://www.youtube.com/watch?v=KbR-oh369ZI,1,너 그녀를 좋아하지 않니?,Don't you like her?
666,K영어회화,Part 04,Unit 59,Don't you~? 부정 의문문,https://www.youtube.com/watch?v=KbR-oh369ZI,2,너 나한테 미안하지 않아?,Don't you feel sorry for me?
667,K영어회화,Part 04,Unit 59,Don't you~? 부정 의문문,https://www.youtube.com/watch?v=KbR-oh369ZI,3,너 그렇게 생각하지 않아?,Don't you think so?
668,K영어회화,Part 04,Unit 59,Don't you~? 부정 의문문,https://www.youtube.com/watch?v=KbR-oh369ZI,4,그가 차 키를 가지고 있지 않나요?,Doesn't he have the car key?
669,K영어회화,Part 04,Unit 59,Don't you~? 부정 의문문,https://www.youtube.com/watch?v=KbR-oh369ZI,5,그녀는 엄마를 닮지 않았나요?,Doesn't she look like her mom?
670,K영어회화,Part 04,Unit 59,Don't you~? 부정 의문문,https://www.youtube.com/watch?v=KbR-oh369ZI,6,병가를 내야 하는 거 아닌가요?,Don't you have to call in sick?
671,K영어회화,Part 04,Unit 59,Don't you~? 부정 의문문,https://www.youtube.com/watch?v=KbR-oh369ZI,7,혼자 살고 싶지 않나요?,Don't you want to live by yourself?
672,K영어회화,Part 04,Unit 59,Don't you~? 부정 의문문,https://www.youtube.com/watch?v=KbR-oh369ZI,8,곧 집에 가야 하는 거 아니야?,Don't you need to go home soon?
673,K영어회화,Part 04,Unit 59,Don't you~? 부정 의문문,https://www.youtube.com/watch?v=KbR-oh369ZI,9,너 유럽 여행하고 싶지 않니?,Don't you want to travel to Europe?
674,K영어회화,Part 04,Unit 59,Don't you~? 부정 의문문,https://www.youtube.com/watch?v=KbR-oh369ZI,10,우리 2층에 주차하지 않았어?,Didn't we park the car on level 2?
675,K영어회화,Part 04,Unit 59,Don't you~? 부정 의문문,https://www.youtube.com/watch?v=KbR-oh369ZI,11,너 내 문자 받지 않았니?,Didn't you get my message?
676,K영어회화,Part 04,Unit 59,Don't you~? 부정 의문문,https://www.youtube.com/watch?v=KbR-oh369ZI,12,왜 오늘 아침에 나 안 깨웠어?,Why didn't you wake me up this morning?
677,K영어회화,Part 04,Unit 60,Aren't you ~? 부정의문문,https://www.youtube.com/watch?v=KbR-oh369ZI,1,너 안 추워?,Aren't you cold?
678,K영어회화,Part 04,Unit 60,Aren't you ~? 부정의문문,https://www.youtube.com/watch?v=KbR-oh369ZI,2,그들은 절친 아니니?,Aren't they best friends?
679,K영어회화,Part 04,Unit 60,Aren't you ~? 부정의문문,https://www.youtube.com/watch?v=KbR-oh369ZI,3,그녀는 정말 대단하지 않니?,Isn't she really amazing?
680,K영어회화,Part 04,Unit 60,Aren't you ~? 부정의문문,https://www.youtube.com/watch?v=KbR-oh369ZI,4,그거 비싸지 않아?,Isn't that expensive?
681,K영어회화,Part 04,Unit 60,Aren't you ~? 부정의문문,https://www.youtube.com/watch?v=KbR-oh369ZI,5,당연한 거 아니야?,Isn't it obvious?
682,K영어회화,Part 04,Unit 60,Aren't you ~? 부정의문문,https://www.youtube.com/watch?v=KbR-oh369ZI,6,너 그녀를 안 도와줄 거니?,Aren't you going to help her?
683,K영어회화,Part 04,Unit 60,Aren't you ~? 부정의문문,https://www.youtube.com/watch?v=KbR-oh369ZI,7,그에게 사실을 말하지 않을 거니?,Aren't you going to tell him the truth?
684,K영어회화,Part 04,Unit 60,Aren't you ~? 부정의문문,https://www.youtube.com/watch?v=KbR-oh369ZI,8,너 한국어랑 영어 둘 다 할 수 있지 않아?,Aren't you able to speak both Korean and English?
685,K영어회화,Part 04,Unit 60,Aren't you ~? 부정의문문,https://www.youtube.com/watch?v=KbR-oh369ZI,9,케빈 다음 주에 한국 오지 않아?,Isn't Kevin coming to Korea next week?
686,K영어회화,Part 04,Unit 60,Aren't you ~? 부정의문문,https://www.youtube.com/watch?v=KbR-oh369ZI,10,그녀는 원래 지금 집에 있어야 하는 거 아니야?,Isn't she supposed to be at home now?
687,K영어회화,Part 04,Unit 60,Aren't you ~? 부정의문문,https://www.youtube.com/watch?v=KbR-oh369ZI,11,그가 너희 고등학교 선생님 아니었어?,Wasn't he your high school teacher?
688,K영어회화,Part 04,Unit 60,Aren't you ~? 부정의문문,https://www.youtube.com/watch?v=KbR-oh369ZI,12,그녀가 거짓말했을 때 화나지 않았니?,Weren't you angry when she lied?
689,K영어회화,Part 05,Unit 61,실전 영어 대화 01,(링크 없음),1,"A 아빠, 오늘 제임스 우리 집에서 자도 돼요?","A Dad, can James sleep over tonight?"
690,K영어회화,Part 05,Unit 61,실전 영어 대화 01,(링크 없음),2,B 오늘 밤? 흠. 난 상관없지만 엄마한테 허락받아야 해.,"B Tonight? Hmm. I don't mind, but you have to ask your mom for permission."
691,K영어회화,Part 05,Unit 61,실전 영어 대화 01,(링크 없음),3,A 알겠어요. 엄마 아직 회사에 계시죠?,A Okay. Is she still at work?
692,K영어회화,Part 05,Unit 61,실전 영어 대화 01,(링크 없음),4,"B 응, 엄마한테 전화해서 물어봐.","B Yes, you should call her and ask."
693,K영어회화,Part 05,Unit 62,실전 영어 대화 02,(링크 없음),1,A 나 다음 달에 직장 그만둘 거야.,A I'm going to quit my job next month.
694,K영어회화,Part 05,Unit 62,실전 영어 대화 02,(링크 없음),2,B 어째서? 난 네가 거기서 일하는 것을 좋아하는 줄 알았는데.,B How come? I thought you like to work there.
695,K영어회화,Part 05,Unit 62,실전 영어 대화 02,(링크 없음),3,A 가족들과 시간을 더 보내야 하는데 지금은 아이들하고 주말에 시간을 보내는 게 가능하지 않아.,"A I need to spend more time with my family. Right now, I am not able to spend time with my kids on the weekends."
696,K영어회화,Part 05,Unit 62,실전 영어 대화 02,(링크 없음),4,B 이해해. 그만둔 후에 너의 계획은 뭔데?,B I understand. What is your plan after you quit?
697,K영어회화,Part 05,Unit 62,실전 영어 대화 02,(링크 없음),5,A 잘 모르겠지만 한 두세 달 정도 쉬고 싶어.,A I'm not sure. I want to take two or three months off.
698,K영어회화,Part 05,Unit 62,실전 영어 대화 02,(링크 없음),6,B 너 지쳤나 보다. 빨리 괜찮아지길 바라.,B. You must be burned out. I hope you get better soon.
699,K영어회화,Part 05,Unit 63,실전 영어 대화 03,(링크 없음),1,"A 제인, 오늘 함께 저녁 식사할래?","A Jane, do you want to have dinner tonight?"
700,K영어회화,Part 05,Unit 63,실전 영어 대화 03,(링크 없음),2,B 좋지. (저녁 식사 자리에) 내가 몇 시까지 가야 해?,"B Sure, what time do I have to be there?"
701,K영어회화,Part 05,Unit 63,실전 영어 대화 03,(링크 없음),3,A 7시쯤에 시작할 거 같아. 올 수 있겠어?,A I think we will start around 7 p.m. Can you make it?
702,K영어회화,Part 05,Unit 63,실전 영어 대화 03,(링크 없음),4,B 응. 그때쯤이면 난 집에 있을 거야. 또 누가 와?,"B Yes, I will be home by then. Who else is coming?"
703,K영어회화,Part 05,Unit 63,실전 영어 대화 03,(링크 없음),5,A 브라이언이 함께 할지도 몰라.,A Brian might join us.
704,K영어회화,Part 05,Unit 63,실전 영어 대화 03,(링크 없음),6,B 알겠어. 내가 뭐 좀 가져다줄까?,B Okay. Do you want me to bring you anything?
705,K영어회화,Part 05,Unit 63,실전 영어 대화 03,(링크 없음),7,A 아냐 괜찮아. 그냥 편하게 오면 돼.,"A No, it's okay. Just feel free to come and join us."
706,K영어회화,Part 05,Unit 64,실전 영어 대화 04,(링크 없음),1,"A 제니, 너 이번 주 금요일에 일해?","A Jenny, are you working this Friday?"
707,K영어회화,Part 05,Unit 64,실전 영어 대화 04,(링크 없음),2,"B 아니, 나 그날 원래 쉬는 날이야.","B No, I'm supposed to have that day off."
708,K영어회화,Part 05,Unit 64,실전 영어 대화 04,(링크 없음),3,A 정말? 그럼 내가 부탁 좀 할 수 있을까?,"A Really? Then, can I ask you a favor?"
709,K영어회화,Part 05,Unit 64,실전 영어 대화 04,(링크 없음),4,"B 응, 뭔데?","B Yes, what is it?"
710,K영어회화,Part 05,Unit 64,실전 영어 대화 04,(링크 없음),5,A 나 대신 금요일에 일해 줄 수 있니? 내가 그날 어디를 가봐야 해서.,A Can you cover for me this Friday? I have to go somewhere that day.
711,K영어회화,Part 05,Unit 64,실전 영어 대화 04,(링크 없음),6,"B 응, 내가 해줄 수 있을 거 같아.","B Yes, I think I can do that."
712,K영어회화,Part 05,Unit 64,실전 영어 대화 04,(링크 없음),7,A 정말 고마워! 내가 보답할게.,A Thank you so much! I will return the favor.
713,K영어회화,Part 05,Unit 65,실전 영어 대화 05,(링크 없음),1,"A 세라, 잠깐 이야기 좀 할 수 있을까?","A Sarah, can I talk to you for a second?"
714,K영어회화,Part 05,Unit 65,실전 영어 대화 05,(링크 없음),2,"B 응, 무슨 일이야?","B Yes, what is it?"
715,K영어회화,Part 05,Unit 65,실전 영어 대화 05,(링크 없음),3,A 기부할 오래된 옷들이 있니?,A Do you have any old clothes to donate?
716,K영어회화,Part 05,Unit 65,실전 영어 대화 05,(링크 없음),4,"B 있을 거 같은데, 먼저 옷장을 확인해 봐야 해. 왜?",B I think so. I have to check my closet first. Why?
717,K영어회화,Part 05,Unit 65,실전 영어 대화 05,(링크 없음),5,A 학교에서 자선 사업으로 돈을 모으기 위해 헌 옷들을 팔거든.,A My school sells old clothes to raise money for charity.
718,K영어회화,Part 05,Unit 65,실전 영어 대화 05,(링크 없음),6,B 그렇구나. 내가 집에 가면 찾아보고 전화할게.,"B I see. When I go back home, I will look in my closet and call you."
719,K영어회화,Part 05,Unit 66,실전 영어 대화 06,(링크 없음),1,"A 마이크, 너 오늘 밤에 바빠?","A Mike, are you busy tonight?"
720,K영어회화,Part 05,Unit 66,실전 영어 대화 06,(링크 없음),2,"B 아니, 나 그냥 저녁 먹고 강아지 산책만 시키면 돼.","B No, I just have to walk my dog after I eat dinner."
721,K영어회화,Part 05,Unit 66,실전 영어 대화 06,(링크 없음),3,A 누가 영화 티켓을 두 장 줬는데 같이 갈래? 영화는 8시에 시작해.,A Someone gave me a couple of movie tickets. Do you want to go with me? The movie starts at 8 p.m.
722,K영어회화,Part 05,Unit 66,실전 영어 대화 06,(링크 없음),4,B 좋지. 그때면 나도 끝날 거야. 가는 길에 나 좀 태우고 가줄 수 있어?,"B Sure, I will be done by then. Are you able to pick me up on the way?"
723,K영어회화,Part 05,Unit 66,실전 영어 대화 06,(링크 없음),5,A 그럼. 내가 7시 반까지 거기로 가도록 할게.,"A No problem. Then, I will try to be there by 7:30."
724,K영어회화,Part 05,Unit 67,실전 영어 대화 07,(링크 없음),1,A 요즘 뉴욕 날씨는 어때?,A How's the weather in New York these days?
725,K영어회화,Part 05,Unit 67,실전 영어 대화 07,(링크 없음),2,"B 여기는 맑고 화창해, 그냥 다음 주에 비가 안 내렸으면 좋겠어.",B It is sunny and bright here. I just hope it doesn't rain next week.
726,K영어회화,Part 05,Unit 67,실전 영어 대화 07,(링크 없음),3,A 나도 그래. 지난번에 내가 방문했을 때 비가 엄청나게 내렸잖아.,A Me too. It rained so much when I visited there last time.
727,K영어회화,Part 05,Unit 67,실전 영어 대화 07,(링크 없음),4,"B 기억난다. 그건 그렇고, 나 다음 주에 4일 쉬어. 같이 더 시간 보낼 수 있어.","B I remember. By the way, I will have 4 days off next week. We can spend more time together."
728,K영어회화,Part 05,Unit 67,실전 영어 대화 07,(링크 없음),5,A 정말? 잘됐다! 그럼 우리 이번에 보스턴을 가보는 건 어때?,A Really? That's awesome! Why don't we visit Boston this time?
729,K영어회화,Part 05,Unit 67,실전 영어 대화 07,(링크 없음),6,"B 그래, 네가 여기에 오면 여행 계획을 짜보자.","B Yes, let's plan the trip after you come here."
730,K영어회화,Part 05,Unit 68,실전 영어 대화 08,(링크 없음),1,"A 케빈, 어디 가는 중이야?","A Kevin, where are you heading to?"
731,K영어회화,Part 05,Unit 68,실전 영어 대화 08,(링크 없음),2,B 나 제니 만나러 가는 길이야. 너는?,B I'm on my way to meet Jenny. How about you?
732,K영어회화,Part 05,Unit 68,실전 영어 대화 08,(링크 없음),3,A 나는 시청 근처에 있는 카페에 가고 있어. 고객들이랑 미팅해야 하거든.,A I'm going to a cafe near the city hall. I need to meet my clients.
733,K영어회화,Part 05,Unit 68,실전 영어 대화 08,(링크 없음),4,B 진짜? 토요일에 일을? 너 정말 바쁜가 보다.,B Really? Working on Saturday? You must be very busy.
734,K영어회화,Part 05,Unit 68,실전 영어 대화 08,(링크 없음),5,A 사실은 나 지난달에 직장 그만두고 내 사업을 시작했어.,"A Actually, I quit my job last month and started my own business."
735,K영어회화,Part 05,Unit 68,실전 영어 대화 08,(링크 없음),6,B 와우 축하해! 우리 할 얘기가 많네. 고객들하고 미팅이 끝난 후에 우리랑 함께 할래?,B Wow Congratulations! We have a lot of things to catch up on. Do you want to join us after you finish meeting with your clients?
736,K영어회화,Part 05,Unit 68,실전 영어 대화 08,(링크 없음),7,A 좋지. 내가 끝나자마자 전화할게.,A Sounds good. I will call you as soon as I'm done with everything.
737,K영어회화,Part 05,Unit 69,실전 영어 대화 09,(링크 없음),1,"A 세라, 제가 보낸 이메일 보셨나요?","A Sarah, did you see my email?"
738,K영어회화,Part 05,Unit 69,실전 영어 대화 09,(링크 없음),2,"B 네, 읽었어요. 다 좋아 보였어요. 수고하셨습니다!","B Yes, I read it. Everything looked good. Good job!"
739,K영어회화,Part 05,Unit 69,실전 영어 대화 09,(링크 없음),3,A 그건 그렇고 오늘 왜 이렇게 늦으셨어요?,"A By the way, why were you so late today?"
740,K영어회화,Part 05,Unit 69,실전 영어 대화 09,(링크 없음),4,B 제가 알람 맞추는 것을 깜빡해서 늦잠을 잤어요.,B I overslept because I forgot to set my alarm.
741,K영어회화,Part 05,Unit 69,실전 영어 대화 09,(링크 없음),5,A 오늘 운이 좋으시네요. 아직 사장님이 사무실에 안 계시거든요.,A You're lucky today. The boss isn't in the office yet.
742,K영어회화,Part 05,Unit 69,실전 영어 대화 09,(링크 없음),6,B 그러게요. 다시 안 늦을 거예요.,B I know. I won't be late again.
743,K영어회화,Part 05,Unit 70,실전 영어 대화 10,(링크 없음),1,A 뭐 보는 중이야?,A What are you looking at?
744,K영어회화,Part 05,Unit 70,실전 영어 대화 10,(링크 없음),2,B 해외에 일자리들을 알아보고 있어.,B I'm trying to find available job openings overseas.
745,K영어회화,Part 05,Unit 70,실전 영어 대화 10,(링크 없음),3,A 해외? 아 기억난다. 너 해외에서 살고 싶다고 하지 않았어?,"A Overseas? Oh, I remember. Didn't you say you wanted to live abroad?"
746,K영어회화,Part 05,Unit 70,실전 영어 대화 10,(링크 없음),4,B 맞아. 사실 나 호주나 뉴질랜드에서 일하는 걸 고려 중이야.,"B Yes, I am actually considering working in Australia or New Zealand."
747,K영어회화,Part 05,Unit 70,실전 영어 대화 10,(링크 없음),5,A 정말? 그냥 L.A. 로 돌아가는 건 어때? 거기 가족들과 친구들이 있잖아.,A Really? Why don't you just go back to L.A.? You have your family and friends there.
748,K영어회화,Part 05,Unit 70,실전 영어 대화 10,(링크 없음),6,B 그건 싫어. 난 그냥 새로운 것들을 시도해 보고 싶어.,"B No, I just want to try new things."
749,K영어회화,Part 05,Unit 71,실전 영어 대화 11,(링크 없음),1,"A 존, 너 주말에 계획 있어?","A John, do you have plans this weekend?"
750,K영어회화,Part 05,Unit 71,실전 영어 대화 11,(링크 없음),2,"B 아니, 없는데. 왜? 무슨 일이야?","B No, I don't. Why? What's up?"
751,K영어회화,Part 05,Unit 71,실전 영어 대화 11,(링크 없음),3,A 내가 토요일에 이사해야 하거든. 너희 아버지 트럭을 빌릴 수 있을까?,A I have to move out on Saturday. May I borrow your dad's pick-up truck?
752,K영어회화,Part 05,Unit 71,실전 영어 대화 11,(링크 없음),4,B 짐이 많아?,B Do you have a lot of stuff?
753,K영어회화,Part 05,Unit 71,실전 영어 대화 11,(링크 없음),5,"A 응, 많아.","A Yes, I do have a lot."
754,K영어회화,Part 05,Unit 71,실전 영어 대화 11,(링크 없음),6,B 기다려봐. 아버지한테 트럭을 사용할 수 있는지 물어볼게.,B Sure. Let me ask my dad if the truck is available.
755,K영어회화,Part 05,Unit 71,실전 영어 대화 11,(링크 없음),7,"A (전화가 끝난 후에) 마이크, 오전 10시 이후에는 트럭을 사용할 수 있다.","A (After finishing the call) Mike, we can use his truck after 10 a.m."
756,K영어회화,Part 05,Unit 72,실전 영어 대화 12,(링크 없음),1,"A 스테이시, 내 노트북 다 사용했으면, 엄마가 써도 되니?","A Stacey, if you are done using my laptop, can I use it?"
757,K영어회화,Part 05,Unit 72,실전 영어 대화 12,(링크 없음),2,"B 안 돼요, 엄마. 저 아직 학교 프로젝트하고 있어요.","B No, mom. I am still working on a school project."
758,K영어회화,Part 05,Unit 72,실전 영어 대화 12,(링크 없음),3,A 왜 핸드폰만 하면서 할 일은 안 하고 있니? 엄마도 회사 일로 노트북을 사용해야 해.,A Why are you on your phone and not doing your work? I need to use the laptop for my work.
759,K영어회화,Part 05,Unit 72,실전 영어 대화 12,(링크 없음),4,B 죄송해요. 제가 한 시간 안으로 프로젝트를 끝내려고 해볼게요.,B I'm sorry. I will try to finish my project within an hour.
760,K영어회화,Part 05,Unit 73,실전 영어 대화 13,(링크 없음),1,A 저녁 식사 후에 산책할래?,A Do you want to take a walk after dinner?
761,K영어회화,Part 05,Unit 73,실전 영어 대화 13,(링크 없음),2,B 이번에는 패스해야 할 거 같은데.,B I think I am going to pass on that this time.
762,K영어회화,Part 05,Unit 73,실전 영어 대화 13,(링크 없음),3,A 왜?,A Why?
763,K영어회화,Part 05,Unit 73,실전 영어 대화 13,(링크 없음),4,B 오늘 몸이 좀 안 좋거든.,B I don't feel good today.
764,K영어회화,Part 05,Unit 73,실전 영어 대화 13,(링크 없음),5,A 아픈 거야?,A Are you feeling sick?
765,K영어회화,Part 05,Unit 73,실전 영어 대화 13,(링크 없음),6,"B 응, 약간, 저녁 식사 후에 빨래랑 설거지 좀 해줄 수 있어?","B Yes, a little. Can you do the laundry and the dishes after dinner?"
766,K영어회화,Part 05,Unit 73,실전 영어 대화 13,(링크 없음),7,A 물론이지. 그것들은 나한테 맡겨두고 그냥 쉬어.,A Of course. I will take care of them. Just rest.
767,K영어회화,Part 05,Unit 74,실전 영어 대화 14,(링크 없음),1,"A 알랜, 너 아직도 아르바이트 알아보는 중이니?","A Allen, are you still looking for a part-time job?"
768,K영어회화,Part 05,Unit 74,실전 영어 대화 14,(링크 없음),2,B 응. 나 지난주에 면접을 두 개나 봤는데 아무런 연락이 없었어.,"B Yes, I am. I did two interviews last week, but they didn't get back to me."
769,K영어회화,Part 05,Unit 74,실전 영어 대화 14,(링크 없음),3,A 내가 다음 주에 식당을 개업하는데 주말에 일할 사람이 필요해.,"A Well, I am going to open a restaurant next week. I need someone to work on the weekends."
770,K영어회화,Part 05,Unit 74,실전 영어 대화 14,(링크 없음),4,B 난 식당에서 일해본 적이 없는데.,B I never worked at a restaurant before.
771,K영어회화,Part 05,Unit 74,실전 영어 대화 14,(링크 없음),5,"A 걱정하지 마. 내가 가르쳐줄게, 넌 금방 배울 거야.",A Don't worry. I will train you. You will pick it up fast.
772,K영어회화,Part 05,Unit 74,실전 영어 대화 14,(링크 없음),6,"B 그래. 해볼게, 언제 시작해?",B Okay. I will try. When do I start?
773,K영어회화,Part 05,Unit 74,실전 영어 대화 14,(링크 없음),7,A 다음 주 토요일 3시에 식당으로 와줘.,A Come to the restaurant next Saturday at 3.
774,K영어회화,Part 05,Unit 75,실전 영어 대화 15,(링크 없음),1,A 금요일에 파티 갔었어?,A Did you go to the party on Friday?
775,K영어회화,Part 05,Unit 75,실전 영어 대화 15,(링크 없음),2,B 응. 나 그곳에서 에릭이랑 그의 애인을 만났어.,B Yes. I met Eric and his girlfriend.
776,K영어회화,Part 05,Unit 75,실전 영어 대화 15,(링크 없음),3,A 에릭? 진짜? 난 걔가 뉴욕으로 이사 간 줄 알았는데.,A Eric? Really? I thought he moved to New York.
777,K영어회화,Part 05,Unit 75,실전 영어 대화 15,(링크 없음),4,B 그랬지. 근데 졸업 후에 다시 L.A. 로 돌아왔다.,B He did. But he moved back to L.A. after he graduated.
778,K영어회화,Part 05,Unit 75,실전 영어 대화 15,(링크 없음),5,A 내가 연락해 봐야겠다. 에릭 전화번호 있어?,A I should contact him. Do you have his number?
779,K영어회화,Part 05,Unit 75,실전 영어 대화 15,(링크 없음),6,"B 응, 나한테 줬어. 걔가 너에 대해서도 묻더라고. 우리 곧 만나면 좋을 것 같아.","B Yes, he gave it to me. He asked me about you too. We should meet up soon."
